  Admin.cpp
C:\Program Files\Microsoft Visual Studio\2022\Community\VC\Tools\MSVC\14.42.34433\include\__msvc_string_view.hpp(546,60): error C2039: 'min': is not a member of 'std'
  (compiling source file 'Admin.cpp')
      C:\Program Files\Microsoft Visual Studio\2022\Community\VC\Tools\MSVC\14.42.34433\include\__msvc_string_view.hpp(22,1):
      see declaration of 'std'
  
C:\Program Files\Microsoft Visual Studio\2022\Community\VC\Tools\MSVC\14.42.34433\include\__msvc_string_view.hpp(617,22): error C2039: 'min': is not a member of 'std'
  (compiling source file 'Admin.cpp')
      C:\Program Files\Microsoft Visual Studio\2022\Community\VC\Tools\MSVC\14.42.34433\include\__msvc_string_view.hpp(22,1):
      see declaration of 'std'
  
C:\Program Files\Microsoft Visual Studio\2022\Community\VC\Tools\MSVC\14.42.34433\include\__msvc_string_view.hpp(621,50): error C2039: 'min': is not a member of 'std'
  (compiling source file 'Admin.cpp')
      C:\Program Files\Microsoft Visual Studio\2022\Community\VC\Tools\MSVC\14.42.34433\include\__msvc_string_view.hpp(22,1):
      see declaration of 'std'
  
C:\Program Files\Microsoft Visual Studio\2022\Community\VC\Tools\MSVC\14.42.34433\include\__msvc_string_view.hpp(640,50): error C2039: 'min': is not a member of 'std'
  (compiling source file 'Admin.cpp')
      C:\Program Files\Microsoft Visual Studio\2022\Community\VC\Tools\MSVC\14.42.34433\include\__msvc_string_view.hpp(22,1):
      see declaration of 'std'
  
C:\Program Files\Microsoft Visual Studio\2022\Community\VC\Tools\MSVC\14.42.34433\include\__msvc_string_view.hpp(750,54): error C2039: 'min': is not a member of 'std'
  (compiling source file 'Admin.cpp')
      C:\Program Files\Microsoft Visual Studio\2022\Community\VC\Tools\MSVC\14.42.34433\include\__msvc_string_view.hpp(22,1):
      see declaration of 'std'
  
C:\Program Files\Microsoft Visual Studio\2022\Community\VC\Tools\MSVC\14.42.34433\include\__msvc_string_view.hpp(760,54): error C2039: 'min': is not a member of 'std'
  (compiling source file 'Admin.cpp')
      C:\Program Files\Microsoft Visual Studio\2022\Community\VC\Tools\MSVC\14.42.34433\include\__msvc_string_view.hpp(22,1):
      see declaration of 'std'
  
C:\Program Files\Microsoft Visual Studio\2022\Community\VC\Tools\MSVC\14.42.34433\include\__msvc_string_view.hpp(837,54): error C2039: 'min': is not a member of 'std'
  (compiling source file 'Admin.cpp')
      C:\Program Files\Microsoft Visual Studio\2022\Community\VC\Tools\MSVC\14.42.34433\include\__msvc_string_view.hpp(22,1):
      see declaration of 'std'
  
C:\Program Files\Microsoft Visual Studio\2022\Community\VC\Tools\MSVC\14.42.34433\include\__msvc_string_view.hpp(847,54): error C2039: 'min': is not a member of 'std'
  (compiling source file 'Admin.cpp')
      C:\Program Files\Microsoft Visual Studio\2022\Community\VC\Tools\MSVC\14.42.34433\include\__msvc_string_view.hpp(22,1):
      see declaration of 'std'
  
C:\Program Files\Microsoft Visual Studio\2022\Community\VC\Tools\MSVC\14.42.34433\include\__msvc_string_view.hpp(867,50): error C2039: 'min': is not a member of 'std'
  (compiling source file 'Admin.cpp')
      C:\Program Files\Microsoft Visual Studio\2022\Community\VC\Tools\MSVC\14.42.34433\include\__msvc_string_view.hpp(22,1):
      see declaration of 'std'
  
C:\Program Files\Microsoft Visual Studio\2022\Community\VC\Tools\MSVC\14.42.34433\include\xstring(28,39): error C3861: '_Iterator_base': identifier not found
  (compiling source file 'Admin.cpp')
      C:\Program Files\Microsoft Visual Studio\2022\Community\VC\Tools\MSVC\14.42.34433\include\xstring(28,39):
      the template instantiation context (the oldest one first) is
          C:\Program Files\Microsoft Visual Studio\2022\Community\VC\Tools\MSVC\14.42.34433\include\xstring(28,7):
          while compiling class template 'std::_String_const_iterator'
  
C:\Program Files\Microsoft Visual Studio\2022\Community\VC\Tools\MSVC\14.42.34433\include\xstring(33,31): error C2061: syntax error: identifier 'random_access_iterator_tag'
  (compiling source file 'Admin.cpp')
  
C:\Program Files\Microsoft Visual Studio\2022\Community\VC\Tools\MSVC\14.42.34433\include\xstring(41,56): error C4430: missing type specifier - int assumed. Note: C++ does not support default-int
  (compiling source file 'Admin.cpp')
  
C:\Program Files\Microsoft Visual Studio\2022\Community\VC\Tools\MSVC\14.42.34433\include\xstring(41,77): error C2143: syntax error: missing ',' before '*'
  (compiling source file 'Admin.cpp')
  
C:\Program Files\Microsoft Visual Studio\2022\Community\VC\Tools\MSVC\14.42.34433\include\xstring(42,22): error C3861: '_Pstring': identifier not found
  (compiling source file 'Admin.cpp')
  
C:\Program Files\Microsoft Visual Studio\2022\Community\VC\Tools\MSVC\14.42.34433\include\xstring(42,22): error C2065: '_Pstring': undeclared identifier
  (compiling source file 'Admin.cpp')
  
C:\Program Files\Microsoft Visual Studio\2022\Community\VC\Tools\MSVC\14.42.34433\include\xstring(62,16): error C2065: 'pointer_traits': undeclared identifier
  (compiling source file 'Admin.cpp')
  
C:\Program Files\Microsoft Visual Studio\2022\Community\VC\Tools\MSVC\14.42.34433\include\xstring(62,38): error C3878: syntax error: unexpected token '>' following 'simple-type-specifier'
  (compiling source file 'Admin.cpp')
      C:\Program Files\Microsoft Visual Studio\2022\Community\VC\Tools\MSVC\14.42.34433\include\xstring(62,38):
      missing one of: ( { ?
  
C:\Program Files\Microsoft Visual Studio\2022\Community\VC\Tools\MSVC\14.42.34433\include\xstring(62,38): error C3878: syntax error: unexpected token '>' following 'expression'
  (compiling source file 'Admin.cpp')
  
C:\Program Files\Microsoft Visual Studio\2022\Community\VC\Tools\MSVC\14.42.34433\include\xstring(62,38): message : error recovery skipped: '> :: identifier  . . . this'
  (compiling source file 'Admin.cpp')
  
C:\Program Files\Microsoft Visual Studio\2022\Community\VC\Tools\MSVC\14.42.34433\include\xstring(62,58): error C2760: syntax error: ')' was unexpected here; expected ';'
  (compiling source file 'Admin.cpp')
  
C:\Program Files\Microsoft Visual Studio\2022\Community\VC\Tools\MSVC\14.42.34433\include\xstring(62,58): error C3878: syntax error: unexpected token ')' following 'jump-statement'
  (compiling source file 'Admin.cpp')
  
C:\Program Files\Microsoft Visual Studio\2022\Community\VC\Tools\MSVC\14.42.34433\include\xstring(62,58): message : error recovery skipped: ')'
  (compiling source file 'Admin.cpp')
  
C:\Program Files\Microsoft Visual Studio\2022\Community\VC\Tools\MSVC\14.42.34433\include\xstring(223,21): error C2039: '_Unfancy_maybe_null': is not a member of 'std'
  (compiling source file 'Admin.cpp')
      C:\Program Files\Microsoft Visual Studio\2022\Community\VC\Tools\MSVC\14.42.34433\include\xstring(26,1):
      see declaration of 'std'
  
C:\Program Files\Microsoft Visual Studio\2022\Community\VC\Tools\MSVC\14.42.34433\include\xstring(227,48): error C3878: syntax error: unexpected token '>' following 'simple-type-specifier'
  (compiling source file 'Admin.cpp')
      C:\Program Files\Microsoft Visual Studio\2022\Community\VC\Tools\MSVC\14.42.34433\include\xstring(227,48):
      missing one of: ( { ?
  
C:\Program Files\Microsoft Visual Studio\2022\Community\VC\Tools\MSVC\14.42.34433\include\xstring(227,48): error C3878: syntax error: unexpected token '>' following 'expression'
  (compiling source file 'Admin.cpp')
  
C:\Program Files\Microsoft Visual Studio\2022\Community\VC\Tools\MSVC\14.42.34433\include\xstring(227,48): message : error recovery skipped: '> ( const_cast  . . . identifier'
  (compiling source file 'Admin.cpp')
  
C:\Program Files\Microsoft Visual Studio\2022\Community\VC\Tools\MSVC\14.42.34433\include\xstring(227,77): error C2760: syntax error: ')' was unexpected here; expected ';'
  (compiling source file 'Admin.cpp')
  
C:\Program Files\Microsoft Visual Studio\2022\Community\VC\Tools\MSVC\14.42.34433\include\xstring(227,77): error C3878: syntax error: unexpected token ')' following 'expression-statement'
  (compiling source file 'Admin.cpp')
  
C:\Program Files\Microsoft Visual Studio\2022\Community\VC\Tools\MSVC\14.42.34433\include\xstring(227,77): message : error recovery skipped: ') )'
  (compiling source file 'Admin.cpp')
  
C:\Program Files\Microsoft Visual Studio\2022\Community\VC\Tools\MSVC\14.42.34433\include\xstring(272,31): error C2061: syntax error: identifier 'random_access_iterator_tag'
  (compiling source file 'Admin.cpp')
      C:\Program Files\Microsoft Visual Studio\2022\Community\VC\Tools\MSVC\14.42.34433\include\xstring(272,31):
      the template instantiation context (the oldest one first) is
          C:\Program Files\Microsoft Visual Studio\2022\Community\VC\Tools\MSVC\14.42.34433\include\xstring(265,7):
          while compiling class template 'std::_String_iterator'
  
C:\Program Files\Microsoft Visual Studio\2022\Community\VC\Tools\MSVC\14.42.34433\include\xstring(285,16): error C2065: 'pointer_traits': undeclared identifier
  (compiling source file 'Admin.cpp')
  
C:\Program Files\Microsoft Visual Studio\2022\Community\VC\Tools\MSVC\14.42.34433\include\xstring(285,38): error C3878: syntax error: unexpected token '>' following 'simple-type-specifier'
  (compiling source file 'Admin.cpp')
      C:\Program Files\Microsoft Visual Studio\2022\Community\VC\Tools\MSVC\14.42.34433\include\xstring(285,38):
      missing one of: ( { ?
  
C:\Program Files\Microsoft Visual Studio\2022\Community\VC\Tools\MSVC\14.42.34433\include\xstring(285,38): error C3878: syntax error: unexpected token '>' following 'expression'
  (compiling source file 'Admin.cpp')
  
C:\Program Files\Microsoft Visual Studio\2022\Community\VC\Tools\MSVC\14.42.34433\include\xstring(285,38): message : error recovery skipped: '> :: identifier  . . . this'
  (compiling source file 'Admin.cpp')
  
C:\Program Files\Microsoft Visual Studio\2022\Community\VC\Tools\MSVC\14.42.34433\include\xstring(285,58): error C2760: syntax error: ')' was unexpected here; expected ';'
  (compiling source file 'Admin.cpp')
  
C:\Program Files\Microsoft Visual Studio\2022\Community\VC\Tools\MSVC\14.42.34433\include\xstring(285,58): error C3878: syntax error: unexpected token ')' following 'jump-statement'
  (compiling source file 'Admin.cpp')
  
C:\Program Files\Microsoft Visual Studio\2022\Community\VC\Tools\MSVC\14.42.34433\include\xstring(285,58): message : error recovery skipped: ')'
  (compiling source file 'Admin.cpp')
  
C:\Program Files\Microsoft Visual Studio\2022\Community\VC\Tools\MSVC\14.42.34433\include\xstring(347,45): error C2039: '_Unfancy_maybe_null': is not a member of 'std'
  (compiling source file 'Admin.cpp')
      C:\Program Files\Microsoft Visual Studio\2022\Community\VC\Tools\MSVC\14.42.34433\include\xstring(26,1):
      see declaration of 'std'
  
C:\Program Files\Microsoft Visual Studio\2022\Community\VC\Tools\MSVC\14.42.34433\include\xstring(392,28): error C3861: '_Container_base': identifier not found
  (compiling source file 'Admin.cpp')
      C:\Program Files\Microsoft Visual Studio\2022\Community\VC\Tools\MSVC\14.42.34433\include\xstring(392,28):
      the template instantiation context (the oldest one first) is
          C:\Program Files\Microsoft Visual Studio\2022\Community\VC\Tools\MSVC\14.42.34433\include\xstring(392,7):
          while compiling class template 'std::_String_val'
  
C:\Program Files\Microsoft Visual Studio\2022\Community\VC\Tools\MSVC\14.42.34433\include\xstring(463,9): error C3861: '_Xout_of_range': identifier not found
  (compiling source file 'Admin.cpp')
      C:\Program Files\Microsoft Visual Studio\2022\Community\VC\Tools\MSVC\14.42.34433\include\xstring(463,23):
      '_Xout_of_range': function declaration must be available as none of the arguments depend on a template parameter
  
C:\Program Files\Microsoft Visual Studio\2022\Community\VC\Tools\MSVC\14.42.34433\include\xstring(468,22): error C2039: 'min': is not a member of 'std'
  (compiling source file 'Admin.cpp')
      C:\Program Files\Microsoft Visual Studio\2022\Community\VC\Tools\MSVC\14.42.34433\include\xstring(26,1):
      see declaration of 'std'
  
C:\Program Files\Microsoft Visual Studio\2022\Community\VC\Tools\MSVC\14.42.34433\include\xstring(482,18): error C2039: '_Destroy_in_place': is not a member of 'std'
  (compiling source file 'Admin.cpp')
      C:\Program Files\Microsoft Visual Studio\2022\Community\VC\Tools\MSVC\14.42.34433\include\xstring(26,1):
      see declaration of 'std'
  
C:\Program Files\Microsoft Visual Studio\2022\Community\VC\Tools\MSVC\14.42.34433\include\xstring(517,5): error C3861: '_Xlength_error': identifier not found
  (compiling source file 'Admin.cpp')
  
C:\Program Files\Microsoft Visual Studio\2022\Community\VC\Tools\MSVC\14.42.34433\include\xstring(529,34): error C2143: syntax error: missing ';' before '<'
  (compiling source file 'Admin.cpp')
      C:\Program Files\Microsoft Visual Studio\2022\Community\VC\Tools\MSVC\14.42.34433\include\xstring(529,34):
      the template instantiation context (the oldest one first) is
          C:\Program Files\Microsoft Visual Studio\2022\Community\VC\Tools\MSVC\14.42.34433\include\xstring(527,7):
          while compiling class template 'std::basic_string'
  
C:\Program Files\Microsoft Visual Studio\2022\Community\VC\Tools\MSVC\14.42.34433\include\xstring(529,12): error C2433: 'std::_Tidy_deallocate_guard': 'friend' not permitted on data declarations
  (compiling source file 'Admin.cpp')
  
C:\Program Files\Microsoft Visual Studio\2022\Community\VC\Tools\MSVC\14.42.34433\include\xstring(529,12): error C4430: missing type specifier - int assumed. Note: C++ does not support default-int
  (compiling source file 'Admin.cpp')
  
C:\Program Files\Microsoft Visual Studio\2022\Community\VC\Tools\MSVC\14.42.34433\include\xstring(529,48): error C2238: unexpected token(s) preceding ';'
  (compiling source file 'Admin.cpp')
  
C:\Program Files\Microsoft Visual Studio\2022\Community\VC\Tools\MSVC\14.42.34433\include\xstring(532,26): error C2061: syntax error: identifier '_Rebind_alloc_t'
  (compiling source file 'Admin.cpp')
  
C:\Program Files\Microsoft Visual Studio\2022\Community\VC\Tools\MSVC\14.42.34433\include\xstring(533,26): error C2061: syntax error: identifier 'allocator_traits'
  (compiling source file 'Admin.cpp')
  
C:\Program Files\Microsoft Visual Studio\2022\Community\VC\Tools\MSVC\14.42.34433\include\xstring(535,50): error C2065: '_Is_simple_alloc_v': undeclared identifier
  (compiling source file 'Admin.cpp')
  
C:\Program Files\Microsoft Visual Studio\2022\Community\VC\Tools\MSVC\14.42.34433\include\xstring(535,69): error C2065: '_Alty': undeclared identifier
  (compiling source file 'Admin.cpp')
  
C:\Program Files\Microsoft Visual Studio\2022\Community\VC\Tools\MSVC\14.42.34433\include\xstring(535,36): error C2976: 'std::conditional_t': too few template arguments
  (compiling source file 'Admin.cpp')
      C:\Program Files\Microsoft Visual Studio\2022\Community\VC\Tools\MSVC\14.42.34433\include\xtr1common(69,1):
      see declaration of 'std::conditional_t'
  
C:\Program Files\Microsoft Visual Studio\2022\Community\VC\Tools\MSVC\14.42.34433\include\xstring(535,77): error C2065: '_Simple_types': undeclared identifier
  (compiling source file 'Admin.cpp')
  
C:\Program Files\Microsoft Visual Studio\2022\Community\VC\Tools\MSVC\14.42.34433\include\xstring(535,24): error C2977: 'std::_String_val': too many template arguments
  (compiling source file 'Admin.cpp')
      C:\Program Files\Microsoft Visual Studio\2022\Community\VC\Tools\MSVC\14.42.34433\include\xstring(392,7):
      see declaration of 'std::_String_val'
  
C:\Program Files\Microsoft Visual Studio\2022\Community\VC\Tools\MSVC\14.42.34433\include\xstring(535,97): error C2143: syntax error: missing ';' before ','
  (compiling source file 'Admin.cpp')
  
C:\Program Files\Microsoft Visual Studio\2022\Community\VC\Tools\MSVC\14.42.34433\include\xstring(535,97): error C2059: syntax error: ','
  (compiling source file 'Admin.cpp')
  
C:\Program Files\Microsoft Visual Studio\2022\Community\VC\Tools\MSVC\14.42.34433\include\xstring(536,44): error C2065: '_Alty_traits': undeclared identifier
  (compiling source file 'Admin.cpp')
  
C:\Program Files\Microsoft Visual Studio\2022\Community\VC\Tools\MSVC\14.42.34433\include\xstring(536,78): error C2065: '_Alty_traits': undeclared identifier
  (compiling source file 'Admin.cpp')
  
C:\Program Files\Microsoft Visual Studio\2022\Community\VC\Tools\MSVC\14.42.34433\include\xstring(537,22): error C2065: '_Alty_traits': undeclared identifier
  (compiling source file 'Admin.cpp')
  
C:\Program Files\Microsoft Visual Studio\2022\Community\VC\Tools\MSVC\14.42.34433\include\xstring(537,54): error C2065: '_Alty_traits': undeclared identifier
  (compiling source file 'Admin.cpp')
  
C:\Program Files\Microsoft Visual Studio\2022\Community\VC\Tools\MSVC\14.42.34433\include\xstring(536,44): error C2653: '_Alty_traits': is not a class or namespace name
  (compiling source file 'Admin.cpp')
  
C:\Program Files\Microsoft Visual Studio\2022\Community\VC\Tools\MSVC\14.42.34433\include\xstring(536,58): error C2146: syntax error: missing '>' before identifier 'size_type'
  (compiling source file 'Admin.cpp')
  
C:\Program Files\Microsoft Visual Studio\2022\Community\VC\Tools\MSVC\14.42.34433\include\xstring(536,78): error C2653: '_Alty_traits': is not a class or namespace name
  (compiling source file 'Admin.cpp')
  
C:\Program Files\Microsoft Visual Studio\2022\Community\VC\Tools\MSVC\14.42.34433\include\xstring(537,22): error C2653: '_Alty_traits': is not a class or namespace name
  (compiling source file 'Admin.cpp')
  
C:\Program Files\Microsoft Visual Studio\2022\Community\VC\Tools\MSVC\14.42.34433\include\xstring(537,54): error C2653: '_Alty_traits': is not a class or namespace name
  (compiling source file 'Admin.cpp')
  
C:\Program Files\Microsoft Visual Studio\2022\Community\VC\Tools\MSVC\14.42.34433\include\xstring(537,84): error C2238: unexpected token(s) preceding ';'
  (compiling source file 'Admin.cpp')
  
C:\Program Files\Microsoft Visual Studio\2022\Community\VC\Tools\MSVC\14.42.34433\include\xstring(555,38): error C2653: '_Alty_traits': is not a class or namespace name
  (compiling source file 'Admin.cpp')
  
C:\Program Files\Microsoft Visual Studio\2022\Community\VC\Tools\MSVC\14.42.34433\include\xstring(555,52): error C2146: syntax error: missing ';' before identifier 'size_type'
  (compiling source file 'Admin.cpp')
  
C:\Program Files\Microsoft Visual Studio\2022\Community\VC\Tools\MSVC\14.42.34433\include\xstring(555,11): error C4430: missing type specifier - int assumed. Note: C++ does not support default-int
  (compiling source file 'Admin.cpp')
  
C:\Program Files\Microsoft Visual Studio\2022\Community\VC\Tools\MSVC\14.42.34433\include\xstring(555,52): error C2868: 'std::basic_string<_Elem,_Traits,_Alloc>::size_type': ill-formed using-declaration; expected a qualified-name
  (compiling source file 'Admin.cpp')
  
C:\Program Files\Microsoft Visual Studio\2022\Community\VC\Tools\MSVC\14.42.34433\include\xstring(556,38): error C2653: '_Alty_traits': is not a class or namespace name
  (compiling source file 'Admin.cpp')
  
C:\Program Files\Microsoft Visual Studio\2022\Community\VC\Tools\MSVC\14.42.34433\include\xstring(556,52): error C2146: syntax error: missing ';' before identifier 'difference_type'
  (compiling source file 'Admin.cpp')
  
C:\Program Files\Microsoft Visual Studio\2022\Community\VC\Tools\MSVC\14.42.34433\include\xstring(556,11): error C4430: missing type specifier - int assumed. Note: C++ does not support default-int
  (compiling source file 'Admin.cpp')
  
C:\Program Files\Microsoft Visual Studio\2022\Community\VC\Tools\MSVC\14.42.34433\include\xstring(556,52): error C2868: 'std::basic_string<_Elem,_Traits,_Alloc>::difference_type': ill-formed using-declaration; expected a qualified-name
  (compiling source file 'Admin.cpp')
  
C:\Program Files\Microsoft Visual Studio\2022\Community\VC\Tools\MSVC\14.42.34433\include\xstring(557,38): error C2653: '_Alty_traits': is not a class or namespace name
  (compiling source file 'Admin.cpp')
  
C:\Program Files\Microsoft Visual Studio\2022\Community\VC\Tools\MSVC\14.42.34433\include\xstring(557,52): error C2146: syntax error: missing ';' before identifier 'pointer'
  (compiling source file 'Admin.cpp')
  
C:\Program Files\Microsoft Visual Studio\2022\Community\VC\Tools\MSVC\14.42.34433\include\xstring(557,11): error C4430: missing type specifier - int assumed. Note: C++ does not support default-int
  (compiling source file 'Admin.cpp')
  
C:\Program Files\Microsoft Visual Studio\2022\Community\VC\Tools\MSVC\14.42.34433\include\xstring(557,52): error C2868: 'std::basic_string<_Elem,_Traits,_Alloc>::pointer': ill-formed using-declaration; expected a qualified-name
  (compiling source file 'Admin.cpp')
  
C:\Program Files\Microsoft Visual Studio\2022\Community\VC\Tools\MSVC\14.42.34433\include\xstring(558,38): error C2653: '_Alty_traits': is not a class or namespace name
  (compiling source file 'Admin.cpp')
  
C:\Program Files\Microsoft Visual Studio\2022\Community\VC\Tools\MSVC\14.42.34433\include\xstring(558,52): error C2146: syntax error: missing ';' before identifier 'const_pointer'
  (compiling source file 'Admin.cpp')
  
C:\Program Files\Microsoft Visual Studio\2022\Community\VC\Tools\MSVC\14.42.34433\include\xstring(558,11): error C4430: missing type specifier - int assumed. Note: C++ does not support default-int
  (compiling source file 'Admin.cpp')
  
C:\Program Files\Microsoft Visual Studio\2022\Community\VC\Tools\MSVC\14.42.34433\include\xstring(558,52): error C2868: 'std::basic_string<_Elem,_Traits,_Alloc>::const_pointer': ill-formed using-declaration; expected a qualified-name
  (compiling source file 'Admin.cpp')
  
C:\Program Files\Microsoft Visual Studio\2022\Community\VC\Tools\MSVC\14.42.34433\include\xstring(562,45): error C3203: '_String_val': unspecialized class template can't be used as a template argument for template parameter '_Mystr', expected a real type
  (compiling source file 'Admin.cpp')
  
C:\Program Files\Microsoft Visual Studio\2022\Community\VC\Tools\MSVC\14.42.34433\include\xstring(563,51): error C3203: '_String_val': unspecialized class template can't be used as a template argument for template parameter '_Mystr', expected a real type
  (compiling source file 'Admin.cpp')
  
C:\Program Files\Microsoft Visual Studio\2022\Community\VC\Tools\MSVC\14.42.34433\include\xstring(565,41): error C2039: 'reverse_iterator': is not a member of 'std'
  (compiling source file 'Admin.cpp')
      C:\Program Files\Microsoft Visual Studio\2022\Community\VC\Tools\MSVC\14.42.34433\include\xstring(26,1):
      see declaration of 'std'
  
C:\Program Files\Microsoft Visual Studio\2022\Community\VC\Tools\MSVC\14.42.34433\include\xstring(565,41): error C2061: syntax error: identifier 'reverse_iterator'
  (compiling source file 'Admin.cpp')
  
C:\Program Files\Microsoft Visual Studio\2022\Community\VC\Tools\MSVC\14.42.34433\include\xstring(566,41): error C2039: 'reverse_iterator': is not a member of 'std'
  (compiling source file 'Admin.cpp')
      C:\Program Files\Microsoft Visual Studio\2022\Community\VC\Tools\MSVC\14.42.34433\include\xstring(26,1):
      see declaration of 'std'
  
C:\Program Files\Microsoft Visual Studio\2022\Community\VC\Tools\MSVC\14.42.34433\include\xstring(566,41): error C2061: syntax error: identifier 'reverse_iterator'
  (compiling source file 'Admin.cpp')
  
C:\Program Files\Microsoft Visual Studio\2022\Community\VC\Tools\MSVC\14.42.34433\include\xstring(588,69): error C3861: '_Container_base': identifier not found
  (compiling source file 'Admin.cpp')
  
C:\Program Files\Microsoft Visual Studio\2022\Community\VC\Tools\MSVC\14.42.34433\include\xstring(778,40): error C2065: '_Is_iterator_v': undeclared identifier
  (compiling source file 'Admin.cpp')
  
C:\Program Files\Microsoft Visual Studio\2022\Community\VC\Tools\MSVC\14.42.34433\include\xstring(778,68): error C2988: unrecognizable template declaration/definition
  (compiling source file 'Admin.cpp')
  
C:\Program Files\Microsoft Visual Studio\2022\Community\VC\Tools\MSVC\14.42.34433\include\xstring(778,68): error C2059: syntax error: '='
  (compiling source file 'Admin.cpp')
  
C:\Program Files\Microsoft Visual Studio\2022\Community\VC\Tools\MSVC\14.42.34433\include\xstring(780,9): error C2334: unexpected token(s) preceding ':'; skipping apparent function body
  (compiling source file 'Admin.cpp')
  
C:\Program Files\Microsoft Visual Studio\2022\Community\VC\Tools\MSVC\14.42.34433\include\xstring(3090,1): error C1903: unable to recover from previous error(s); stopping compilation
  (compiling source file 'Admin.cpp')
  
  ATMSystem.cpp
C:\Program Files\Microsoft Visual Studio\2022\Community\VC\Tools\MSVC\14.42.34433\include\__msvc_string_view.hpp(546,60): error C2039: 'min': is not a member of 'std'
  (compiling source file 'ATMSystem.cpp')
      C:\Program Files\Microsoft Visual Studio\2022\Community\VC\Tools\MSVC\14.42.34433\include\__msvc_string_view.hpp(22,1):
      see declaration of 'std'
  
C:\Program Files\Microsoft Visual Studio\2022\Community\VC\Tools\MSVC\14.42.34433\include\__msvc_string_view.hpp(617,22): error C2039: 'min': is not a member of 'std'
  (compiling source file 'ATMSystem.cpp')
      C:\Program Files\Microsoft Visual Studio\2022\Community\VC\Tools\MSVC\14.42.34433\include\__msvc_string_view.hpp(22,1):
      see declaration of 'std'
  
C:\Program Files\Microsoft Visual Studio\2022\Community\VC\Tools\MSVC\14.42.34433\include\__msvc_string_view.hpp(621,50): error C2039: 'min': is not a member of 'std'
  (compiling source file 'ATMSystem.cpp')
      C:\Program Files\Microsoft Visual Studio\2022\Community\VC\Tools\MSVC\14.42.34433\include\__msvc_string_view.hpp(22,1):
      see declaration of 'std'
  
C:\Program Files\Microsoft Visual Studio\2022\Community\VC\Tools\MSVC\14.42.34433\include\__msvc_string_view.hpp(640,50): error C2039: 'min': is not a member of 'std'
  (compiling source file 'ATMSystem.cpp')
      C:\Program Files\Microsoft Visual Studio\2022\Community\VC\Tools\MSVC\14.42.34433\include\__msvc_string_view.hpp(22,1):
      see declaration of 'std'
  
C:\Program Files\Microsoft Visual Studio\2022\Community\VC\Tools\MSVC\14.42.34433\include\__msvc_string_view.hpp(750,54): error C2039: 'min': is not a member of 'std'
  (compiling source file 'ATMSystem.cpp')
      C:\Program Files\Microsoft Visual Studio\2022\Community\VC\Tools\MSVC\14.42.34433\include\__msvc_string_view.hpp(22,1):
      see declaration of 'std'
  
C:\Program Files\Microsoft Visual Studio\2022\Community\VC\Tools\MSVC\14.42.34433\include\__msvc_string_view.hpp(760,54): error C2039: 'min': is not a member of 'std'
  (compiling source file 'ATMSystem.cpp')
      C:\Program Files\Microsoft Visual Studio\2022\Community\VC\Tools\MSVC\14.42.34433\include\__msvc_string_view.hpp(22,1):
      see declaration of 'std'
  
C:\Program Files\Microsoft Visual Studio\2022\Community\VC\Tools\MSVC\14.42.34433\include\__msvc_string_view.hpp(837,54): error C2039: 'min': is not a member of 'std'
  (compiling source file 'ATMSystem.cpp')
      C:\Program Files\Microsoft Visual Studio\2022\Community\VC\Tools\MSVC\14.42.34433\include\__msvc_string_view.hpp(22,1):
      see declaration of 'std'
  
C:\Program Files\Microsoft Visual Studio\2022\Community\VC\Tools\MSVC\14.42.34433\include\__msvc_string_view.hpp(847,54): error C2039: 'min': is not a member of 'std'
  (compiling source file 'ATMSystem.cpp')
      C:\Program Files\Microsoft Visual Studio\2022\Community\VC\Tools\MSVC\14.42.34433\include\__msvc_string_view.hpp(22,1):
      see declaration of 'std'
  
C:\Program Files\Microsoft Visual Studio\2022\Community\VC\Tools\MSVC\14.42.34433\include\__msvc_string_view.hpp(867,50): error C2039: 'min': is not a member of 'std'
  (compiling source file 'ATMSystem.cpp')
      C:\Program Files\Microsoft Visual Studio\2022\Community\VC\Tools\MSVC\14.42.34433\include\__msvc_string_view.hpp(22,1):
      see declaration of 'std'
  
C:\Program Files\Microsoft Visual Studio\2022\Community\VC\Tools\MSVC\14.42.34433\include\xstring(28,39): error C3861: '_Iterator_base': identifier not found
  (compiling source file 'ATMSystem.cpp')
      C:\Program Files\Microsoft Visual Studio\2022\Community\VC\Tools\MSVC\14.42.34433\include\xstring(28,39):
      the template instantiation context (the oldest one first) is
          C:\Program Files\Microsoft Visual Studio\2022\Community\VC\Tools\MSVC\14.42.34433\include\xstring(28,7):
          while compiling class template 'std::_String_const_iterator'
  
C:\Program Files\Microsoft Visual Studio\2022\Community\VC\Tools\MSVC\14.42.34433\include\xstring(33,31): error C2061: syntax error: identifier 'random_access_iterator_tag'
  (compiling source file 'ATMSystem.cpp')
  
C:\Program Files\Microsoft Visual Studio\2022\Community\VC\Tools\MSVC\14.42.34433\include\xstring(41,56): error C4430: missing type specifier - int assumed. Note: C++ does not support default-int
  (compiling source file 'ATMSystem.cpp')
  
C:\Program Files\Microsoft Visual Studio\2022\Community\VC\Tools\MSVC\14.42.34433\include\xstring(41,77): error C2143: syntax error: missing ',' before '*'
  (compiling source file 'ATMSystem.cpp')
  
C:\Program Files\Microsoft Visual Studio\2022\Community\VC\Tools\MSVC\14.42.34433\include\xstring(42,22): error C3861: '_Pstring': identifier not found
  (compiling source file 'ATMSystem.cpp')
  
C:\Program Files\Microsoft Visual Studio\2022\Community\VC\Tools\MSVC\14.42.34433\include\xstring(42,22): error C2065: '_Pstring': undeclared identifier
  (compiling source file 'ATMSystem.cpp')
  
C:\Program Files\Microsoft Visual Studio\2022\Community\VC\Tools\MSVC\14.42.34433\include\xstring(62,16): error C2065: 'pointer_traits': undeclared identifier
  (compiling source file 'ATMSystem.cpp')
  
C:\Program Files\Microsoft Visual Studio\2022\Community\VC\Tools\MSVC\14.42.34433\include\xstring(62,38): error C3878: syntax error: unexpected token '>' following 'simple-type-specifier'
  (compiling source file 'ATMSystem.cpp')
      C:\Program Files\Microsoft Visual Studio\2022\Community\VC\Tools\MSVC\14.42.34433\include\xstring(62,38):
      missing one of: ( { ?
  
C:\Program Files\Microsoft Visual Studio\2022\Community\VC\Tools\MSVC\14.42.34433\include\xstring(62,38): error C3878: syntax error: unexpected token '>' following 'expression'
  (compiling source file 'ATMSystem.cpp')
  
C:\Program Files\Microsoft Visual Studio\2022\Community\VC\Tools\MSVC\14.42.34433\include\xstring(62,38): message : error recovery skipped: '> :: identifier  . . . this'
  (compiling source file 'ATMSystem.cpp')
  
C:\Program Files\Microsoft Visual Studio\2022\Community\VC\Tools\MSVC\14.42.34433\include\xstring(62,58): error C2760: syntax error: ')' was unexpected here; expected ';'
  (compiling source file 'ATMSystem.cpp')
  
C:\Program Files\Microsoft Visual Studio\2022\Community\VC\Tools\MSVC\14.42.34433\include\xstring(62,58): error C3878: syntax error: unexpected token ')' following 'jump-statement'
  (compiling source file 'ATMSystem.cpp')
  
C:\Program Files\Microsoft Visual Studio\2022\Community\VC\Tools\MSVC\14.42.34433\include\xstring(62,58): message : error recovery skipped: ')'
  (compiling source file 'ATMSystem.cpp')
  
C:\Program Files\Microsoft Visual Studio\2022\Community\VC\Tools\MSVC\14.42.34433\include\xstring(223,21): error C2039: '_Unfancy_maybe_null': is not a member of 'std'
  (compiling source file 'ATMSystem.cpp')
      C:\Program Files\Microsoft Visual Studio\2022\Community\VC\Tools\MSVC\14.42.34433\include\xstring(26,1):
      see declaration of 'std'
  
C:\Program Files\Microsoft Visual Studio\2022\Community\VC\Tools\MSVC\14.42.34433\include\xstring(227,48): error C3878: syntax error: unexpected token '>' following 'simple-type-specifier'
  (compiling source file 'ATMSystem.cpp')
      C:\Program Files\Microsoft Visual Studio\2022\Community\VC\Tools\MSVC\14.42.34433\include\xstring(227,48):
      missing one of: ( { ?
  
C:\Program Files\Microsoft Visual Studio\2022\Community\VC\Tools\MSVC\14.42.34433\include\xstring(227,48): error C3878: syntax error: unexpected token '>' following 'expression'
  (compiling source file 'ATMSystem.cpp')
  
C:\Program Files\Microsoft Visual Studio\2022\Community\VC\Tools\MSVC\14.42.34433\include\xstring(227,48): message : error recovery skipped: '> ( const_cast  . . . identifier'
  (compiling source file 'ATMSystem.cpp')
  
C:\Program Files\Microsoft Visual Studio\2022\Community\VC\Tools\MSVC\14.42.34433\include\xstring(227,77): error C2760: syntax error: ')' was unexpected here; expected ';'
  (compiling source file 'ATMSystem.cpp')
  
C:\Program Files\Microsoft Visual Studio\2022\Community\VC\Tools\MSVC\14.42.34433\include\xstring(227,77): error C3878: syntax error: unexpected token ')' following 'expression-statement'
  (compiling source file 'ATMSystem.cpp')
  
C:\Program Files\Microsoft Visual Studio\2022\Community\VC\Tools\MSVC\14.42.34433\include\xstring(227,77): message : error recovery skipped: ') )'
  (compiling source file 'ATMSystem.cpp')
  
C:\Program Files\Microsoft Visual Studio\2022\Community\VC\Tools\MSVC\14.42.34433\include\xstring(272,31): error C2061: syntax error: identifier 'random_access_iterator_tag'
  (compiling source file 'ATMSystem.cpp')
      C:\Program Files\Microsoft Visual Studio\2022\Community\VC\Tools\MSVC\14.42.34433\include\xstring(272,31):
      the template instantiation context (the oldest one first) is
          C:\Program Files\Microsoft Visual Studio\2022\Community\VC\Tools\MSVC\14.42.34433\include\xstring(265,7):
          while compiling class template 'std::_String_iterator'
  
C:\Program Files\Microsoft Visual Studio\2022\Community\VC\Tools\MSVC\14.42.34433\include\xstring(285,16): error C2065: 'pointer_traits': undeclared identifier
  (compiling source file 'ATMSystem.cpp')
  
C:\Program Files\Microsoft Visual Studio\2022\Community\VC\Tools\MSVC\14.42.34433\include\xstring(285,38): error C3878: syntax error: unexpected token '>' following 'simple-type-specifier'
  (compiling source file 'ATMSystem.cpp')
      C:\Program Files\Microsoft Visual Studio\2022\Community\VC\Tools\MSVC\14.42.34433\include\xstring(285,38):
      missing one of: ( { ?
  
C:\Program Files\Microsoft Visual Studio\2022\Community\VC\Tools\MSVC\14.42.34433\include\xstring(285,38): error C3878: syntax error: unexpected token '>' following 'expression'
  (compiling source file 'ATMSystem.cpp')
  
C:\Program Files\Microsoft Visual Studio\2022\Community\VC\Tools\MSVC\14.42.34433\include\xstring(285,38): message : error recovery skipped: '> :: identifier  . . . this'
  (compiling source file 'ATMSystem.cpp')
  
C:\Program Files\Microsoft Visual Studio\2022\Community\VC\Tools\MSVC\14.42.34433\include\xstring(285,58): error C2760: syntax error: ')' was unexpected here; expected ';'
  (compiling source file 'ATMSystem.cpp')
  
C:\Program Files\Microsoft Visual Studio\2022\Community\VC\Tools\MSVC\14.42.34433\include\xstring(285,58): error C3878: syntax error: unexpected token ')' following 'jump-statement'
  (compiling source file 'ATMSystem.cpp')
  
C:\Program Files\Microsoft Visual Studio\2022\Community\VC\Tools\MSVC\14.42.34433\include\xstring(285,58): message : error recovery skipped: ')'
  (compiling source file 'ATMSystem.cpp')
  
C:\Program Files\Microsoft Visual Studio\2022\Community\VC\Tools\MSVC\14.42.34433\include\xstring(347,45): error C2039: '_Unfancy_maybe_null': is not a member of 'std'
  (compiling source file 'ATMSystem.cpp')
      C:\Program Files\Microsoft Visual Studio\2022\Community\VC\Tools\MSVC\14.42.34433\include\xstring(26,1):
      see declaration of 'std'
  
C:\Program Files\Microsoft Visual Studio\2022\Community\VC\Tools\MSVC\14.42.34433\include\xstring(392,28): error C3861: '_Container_base': identifier not found
  (compiling source file 'ATMSystem.cpp')
      C:\Program Files\Microsoft Visual Studio\2022\Community\VC\Tools\MSVC\14.42.34433\include\xstring(392,28):
      the template instantiation context (the oldest one first) is
          C:\Program Files\Microsoft Visual Studio\2022\Community\VC\Tools\MSVC\14.42.34433\include\xstring(392,7):
          while compiling class template 'std::_String_val'
  
C:\Program Files\Microsoft Visual Studio\2022\Community\VC\Tools\MSVC\14.42.34433\include\xstring(463,9): error C3861: '_Xout_of_range': identifier not found
  (compiling source file 'ATMSystem.cpp')
      C:\Program Files\Microsoft Visual Studio\2022\Community\VC\Tools\MSVC\14.42.34433\include\xstring(463,23):
      '_Xout_of_range': function declaration must be available as none of the arguments depend on a template parameter
  
C:\Program Files\Microsoft Visual Studio\2022\Community\VC\Tools\MSVC\14.42.34433\include\xstring(468,22): error C2039: 'min': is not a member of 'std'
  (compiling source file 'ATMSystem.cpp')
      C:\Program Files\Microsoft Visual Studio\2022\Community\VC\Tools\MSVC\14.42.34433\include\xstring(26,1):
      see declaration of 'std'
  
C:\Program Files\Microsoft Visual Studio\2022\Community\VC\Tools\MSVC\14.42.34433\include\xstring(482,18): error C2039: '_Destroy_in_place': is not a member of 'std'
  (compiling source file 'ATMSystem.cpp')
      C:\Program Files\Microsoft Visual Studio\2022\Community\VC\Tools\MSVC\14.42.34433\include\xstring(26,1):
      see declaration of 'std'
  
C:\Program Files\Microsoft Visual Studio\2022\Community\VC\Tools\MSVC\14.42.34433\include\xstring(517,5): error C3861: '_Xlength_error': identifier not found
  (compiling source file 'ATMSystem.cpp')
  
C:\Program Files\Microsoft Visual Studio\2022\Community\VC\Tools\MSVC\14.42.34433\include\xstring(529,34): error C2143: syntax error: missing ';' before '<'
  (compiling source file 'ATMSystem.cpp')
      C:\Program Files\Microsoft Visual Studio\2022\Community\VC\Tools\MSVC\14.42.34433\include\xstring(529,34):
      the template instantiation context (the oldest one first) is
          C:\Program Files\Microsoft Visual Studio\2022\Community\VC\Tools\MSVC\14.42.34433\include\xstring(527,7):
          while compiling class template 'std::basic_string'
  
C:\Program Files\Microsoft Visual Studio\2022\Community\VC\Tools\MSVC\14.42.34433\include\xstring(529,12): error C2433: 'std::_Tidy_deallocate_guard': 'friend' not permitted on data declarations
  (compiling source file 'ATMSystem.cpp')
  
C:\Program Files\Microsoft Visual Studio\2022\Community\VC\Tools\MSVC\14.42.34433\include\xstring(529,12): error C4430: missing type specifier - int assumed. Note: C++ does not support default-int
  (compiling source file 'ATMSystem.cpp')
  
C:\Program Files\Microsoft Visual Studio\2022\Community\VC\Tools\MSVC\14.42.34433\include\xstring(529,48): error C2238: unexpected token(s) preceding ';'
  (compiling source file 'ATMSystem.cpp')
  
C:\Program Files\Microsoft Visual Studio\2022\Community\VC\Tools\MSVC\14.42.34433\include\xstring(532,26): error C2061: syntax error: identifier '_Rebind_alloc_t'
  (compiling source file 'ATMSystem.cpp')
  
C:\Program Files\Microsoft Visual Studio\2022\Community\VC\Tools\MSVC\14.42.34433\include\xstring(533,26): error C2061: syntax error: identifier 'allocator_traits'
  (compiling source file 'ATMSystem.cpp')
  
C:\Program Files\Microsoft Visual Studio\2022\Community\VC\Tools\MSVC\14.42.34433\include\xstring(535,50): error C2065: '_Is_simple_alloc_v': undeclared identifier
  (compiling source file 'ATMSystem.cpp')
  
C:\Program Files\Microsoft Visual Studio\2022\Community\VC\Tools\MSVC\14.42.34433\include\xstring(535,69): error C2065: '_Alty': undeclared identifier
  (compiling source file 'ATMSystem.cpp')
  
C:\Program Files\Microsoft Visual Studio\2022\Community\VC\Tools\MSVC\14.42.34433\include\xstring(535,36): error C2976: 'std::conditional_t': too few template arguments
  (compiling source file 'ATMSystem.cpp')
      C:\Program Files\Microsoft Visual Studio\2022\Community\VC\Tools\MSVC\14.42.34433\include\xtr1common(69,1):
      see declaration of 'std::conditional_t'
  
C:\Program Files\Microsoft Visual Studio\2022\Community\VC\Tools\MSVC\14.42.34433\include\xstring(535,77): error C2065: '_Simple_types': undeclared identifier
  (compiling source file 'ATMSystem.cpp')
  
C:\Program Files\Microsoft Visual Studio\2022\Community\VC\Tools\MSVC\14.42.34433\include\xstring(535,24): error C2977: 'std::_String_val': too many template arguments
  (compiling source file 'ATMSystem.cpp')
      C:\Program Files\Microsoft Visual Studio\2022\Community\VC\Tools\MSVC\14.42.34433\include\xstring(392,7):
      see declaration of 'std::_String_val'
  
C:\Program Files\Microsoft Visual Studio\2022\Community\VC\Tools\MSVC\14.42.34433\include\xstring(535,97): error C2143: syntax error: missing ';' before ','
  (compiling source file 'ATMSystem.cpp')
  
C:\Program Files\Microsoft Visual Studio\2022\Community\VC\Tools\MSVC\14.42.34433\include\xstring(535,97): error C2059: syntax error: ','
  (compiling source file 'ATMSystem.cpp')
  
C:\Program Files\Microsoft Visual Studio\2022\Community\VC\Tools\MSVC\14.42.34433\include\xstring(536,44): error C2065: '_Alty_traits': undeclared identifier
  (compiling source file 'ATMSystem.cpp')
  
C:\Program Files\Microsoft Visual Studio\2022\Community\VC\Tools\MSVC\14.42.34433\include\xstring(536,78): error C2065: '_Alty_traits': undeclared identifier
  (compiling source file 'ATMSystem.cpp')
  
C:\Program Files\Microsoft Visual Studio\2022\Community\VC\Tools\MSVC\14.42.34433\include\xstring(537,22): error C2065: '_Alty_traits': undeclared identifier
  (compiling source file 'ATMSystem.cpp')
  
C:\Program Files\Microsoft Visual Studio\2022\Community\VC\Tools\MSVC\14.42.34433\include\xstring(537,54): error C2065: '_Alty_traits': undeclared identifier
  (compiling source file 'ATMSystem.cpp')
  
C:\Program Files\Microsoft Visual Studio\2022\Community\VC\Tools\MSVC\14.42.34433\include\xstring(536,44): error C2653: '_Alty_traits': is not a class or namespace name
  (compiling source file 'ATMSystem.cpp')
  
C:\Program Files\Microsoft Visual Studio\2022\Community\VC\Tools\MSVC\14.42.34433\include\xstring(536,58): error C2146: syntax error: missing '>' before identifier 'size_type'
  (compiling source file 'ATMSystem.cpp')
  
C:\Program Files\Microsoft Visual Studio\2022\Community\VC\Tools\MSVC\14.42.34433\include\xstring(536,78): error C2653: '_Alty_traits': is not a class or namespace name
  (compiling source file 'ATMSystem.cpp')
  
C:\Program Files\Microsoft Visual Studio\2022\Community\VC\Tools\MSVC\14.42.34433\include\xstring(537,22): error C2653: '_Alty_traits': is not a class or namespace name
  (compiling source file 'ATMSystem.cpp')
  
C:\Program Files\Microsoft Visual Studio\2022\Community\VC\Tools\MSVC\14.42.34433\include\xstring(537,54): error C2653: '_Alty_traits': is not a class or namespace name
  (compiling source file 'ATMSystem.cpp')
  
C:\Program Files\Microsoft Visual Studio\2022\Community\VC\Tools\MSVC\14.42.34433\include\xstring(537,84): error C2238: unexpected token(s) preceding ';'
  (compiling source file 'ATMSystem.cpp')
  
C:\Program Files\Microsoft Visual Studio\2022\Community\VC\Tools\MSVC\14.42.34433\include\xstring(555,38): error C2653: '_Alty_traits': is not a class or namespace name
  (compiling source file 'ATMSystem.cpp')
  
C:\Program Files\Microsoft Visual Studio\2022\Community\VC\Tools\MSVC\14.42.34433\include\xstring(555,52): error C2146: syntax error: missing ';' before identifier 'size_type'
  (compiling source file 'ATMSystem.cpp')
  
C:\Program Files\Microsoft Visual Studio\2022\Community\VC\Tools\MSVC\14.42.34433\include\xstring(555,11): error C4430: missing type specifier - int assumed. Note: C++ does not support default-int
  (compiling source file 'ATMSystem.cpp')
  
C:\Program Files\Microsoft Visual Studio\2022\Community\VC\Tools\MSVC\14.42.34433\include\xstring(555,52): error C2868: 'std::basic_string<_Elem,_Traits,_Alloc>::size_type': ill-formed using-declaration; expected a qualified-name
  (compiling source file 'ATMSystem.cpp')
  
C:\Program Files\Microsoft Visual Studio\2022\Community\VC\Tools\MSVC\14.42.34433\include\xstring(556,38): error C2653: '_Alty_traits': is not a class or namespace name
  (compiling source file 'ATMSystem.cpp')
  
C:\Program Files\Microsoft Visual Studio\2022\Community\VC\Tools\MSVC\14.42.34433\include\xstring(556,52): error C2146: syntax error: missing ';' before identifier 'difference_type'
  (compiling source file 'ATMSystem.cpp')
  
C:\Program Files\Microsoft Visual Studio\2022\Community\VC\Tools\MSVC\14.42.34433\include\xstring(556,11): error C4430: missing type specifier - int assumed. Note: C++ does not support default-int
  (compiling source file 'ATMSystem.cpp')
  
C:\Program Files\Microsoft Visual Studio\2022\Community\VC\Tools\MSVC\14.42.34433\include\xstring(556,52): error C2868: 'std::basic_string<_Elem,_Traits,_Alloc>::difference_type': ill-formed using-declaration; expected a qualified-name
  (compiling source file 'ATMSystem.cpp')
  
C:\Program Files\Microsoft Visual Studio\2022\Community\VC\Tools\MSVC\14.42.34433\include\xstring(557,38): error C2653: '_Alty_traits': is not a class or namespace name
  (compiling source file 'ATMSystem.cpp')
  
C:\Program Files\Microsoft Visual Studio\2022\Community\VC\Tools\MSVC\14.42.34433\include\xstring(557,52): error C2146: syntax error: missing ';' before identifier 'pointer'
  (compiling source file 'ATMSystem.cpp')
  
C:\Program Files\Microsoft Visual Studio\2022\Community\VC\Tools\MSVC\14.42.34433\include\xstring(557,11): error C4430: missing type specifier - int assumed. Note: C++ does not support default-int
  (compiling source file 'ATMSystem.cpp')
  
C:\Program Files\Microsoft Visual Studio\2022\Community\VC\Tools\MSVC\14.42.34433\include\xstring(557,52): error C2868: 'std::basic_string<_Elem,_Traits,_Alloc>::pointer': ill-formed using-declaration; expected a qualified-name
  (compiling source file 'ATMSystem.cpp')
  
C:\Program Files\Microsoft Visual Studio\2022\Community\VC\Tools\MSVC\14.42.34433\include\xstring(558,38): error C2653: '_Alty_traits': is not a class or namespace name
  (compiling source file 'ATMSystem.cpp')
  
C:\Program Files\Microsoft Visual Studio\2022\Community\VC\Tools\MSVC\14.42.34433\include\xstring(558,52): error C2146: syntax error: missing ';' before identifier 'const_pointer'
  (compiling source file 'ATMSystem.cpp')
  
C:\Program Files\Microsoft Visual Studio\2022\Community\VC\Tools\MSVC\14.42.34433\include\xstring(558,11): error C4430: missing type specifier - int assumed. Note: C++ does not support default-int
  (compiling source file 'ATMSystem.cpp')
  
C:\Program Files\Microsoft Visual Studio\2022\Community\VC\Tools\MSVC\14.42.34433\include\xstring(558,52): error C2868: 'std::basic_string<_Elem,_Traits,_Alloc>::const_pointer': ill-formed using-declaration; expected a qualified-name
  (compiling source file 'ATMSystem.cpp')
  
C:\Program Files\Microsoft Visual Studio\2022\Community\VC\Tools\MSVC\14.42.34433\include\xstring(562,45): error C3203: '_String_val': unspecialized class template can't be used as a template argument for template parameter '_Mystr', expected a real type
  (compiling source file 'ATMSystem.cpp')
  
C:\Program Files\Microsoft Visual Studio\2022\Community\VC\Tools\MSVC\14.42.34433\include\xstring(563,51): error C3203: '_String_val': unspecialized class template can't be used as a template argument for template parameter '_Mystr', expected a real type
  (compiling source file 'ATMSystem.cpp')
  
C:\Program Files\Microsoft Visual Studio\2022\Community\VC\Tools\MSVC\14.42.34433\include\xstring(565,41): error C2039: 'reverse_iterator': is not a member of 'std'
  (compiling source file 'ATMSystem.cpp')
      C:\Program Files\Microsoft Visual Studio\2022\Community\VC\Tools\MSVC\14.42.34433\include\xstring(26,1):
      see declaration of 'std'
  
C:\Program Files\Microsoft Visual Studio\2022\Community\VC\Tools\MSVC\14.42.34433\include\xstring(565,41): error C2061: syntax error: identifier 'reverse_iterator'
  (compiling source file 'ATMSystem.cpp')
  
C:\Program Files\Microsoft Visual Studio\2022\Community\VC\Tools\MSVC\14.42.34433\include\xstring(566,41): error C2039: 'reverse_iterator': is not a member of 'std'
  (compiling source file 'ATMSystem.cpp')
      C:\Program Files\Microsoft Visual Studio\2022\Community\VC\Tools\MSVC\14.42.34433\include\xstring(26,1):
      see declaration of 'std'
  
C:\Program Files\Microsoft Visual Studio\2022\Community\VC\Tools\MSVC\14.42.34433\include\xstring(566,41): error C2061: syntax error: identifier 'reverse_iterator'
  (compiling source file 'ATMSystem.cpp')
  
C:\Program Files\Microsoft Visual Studio\2022\Community\VC\Tools\MSVC\14.42.34433\include\xstring(588,69): error C3861: '_Container_base': identifier not found
  (compiling source file 'ATMSystem.cpp')
  
C:\Program Files\Microsoft Visual Studio\2022\Community\VC\Tools\MSVC\14.42.34433\include\xstring(778,40): error C2065: '_Is_iterator_v': undeclared identifier
  (compiling source file 'ATMSystem.cpp')
  
C:\Program Files\Microsoft Visual Studio\2022\Community\VC\Tools\MSVC\14.42.34433\include\xstring(778,68): error C2988: unrecognizable template declaration/definition
  (compiling source file 'ATMSystem.cpp')
  
C:\Program Files\Microsoft Visual Studio\2022\Community\VC\Tools\MSVC\14.42.34433\include\xstring(778,68): error C2059: syntax error: '='
  (compiling source file 'ATMSystem.cpp')
  
C:\Program Files\Microsoft Visual Studio\2022\Community\VC\Tools\MSVC\14.42.34433\include\xstring(780,9): error C2334: unexpected token(s) preceding ':'; skipping apparent function body
  (compiling source file 'ATMSystem.cpp')
  
C:\Program Files\Microsoft Visual Studio\2022\Community\VC\Tools\MSVC\14.42.34433\include\xstring(3090,1): error C1903: unable to recover from previous error(s); stopping compilation
  (compiling source file 'ATMSystem.cpp')
  
  FileManager.cpp
C:\Program Files\Microsoft Visual Studio\2022\Community\VC\Tools\MSVC\14.42.34433\include\__msvc_string_view.hpp(546,60): error C2039: 'min': is not a member of 'std'
  (compiling source file 'FileManager.cpp')
      C:\Program Files\Microsoft Visual Studio\2022\Community\VC\Tools\MSVC\14.42.34433\include\__msvc_string_view.hpp(22,1):
      see declaration of 'std'
  
C:\Program Files\Microsoft Visual Studio\2022\Community\VC\Tools\MSVC\14.42.34433\include\__msvc_string_view.hpp(617,22): error C2039: 'min': is not a member of 'std'
  (compiling source file 'FileManager.cpp')
      C:\Program Files\Microsoft Visual Studio\2022\Community\VC\Tools\MSVC\14.42.34433\include\__msvc_string_view.hpp(22,1):
      see declaration of 'std'
  
C:\Program Files\Microsoft Visual Studio\2022\Community\VC\Tools\MSVC\14.42.34433\include\__msvc_string_view.hpp(621,50): error C2039: 'min': is not a member of 'std'
  (compiling source file 'FileManager.cpp')
      C:\Program Files\Microsoft Visual Studio\2022\Community\VC\Tools\MSVC\14.42.34433\include\__msvc_string_view.hpp(22,1):
      see declaration of 'std'
  
C:\Program Files\Microsoft Visual Studio\2022\Community\VC\Tools\MSVC\14.42.34433\include\__msvc_string_view.hpp(640,50): error C2039: 'min': is not a member of 'std'
  (compiling source file 'FileManager.cpp')
      C:\Program Files\Microsoft Visual Studio\2022\Community\VC\Tools\MSVC\14.42.34433\include\__msvc_string_view.hpp(22,1):
      see declaration of 'std'
  
C:\Program Files\Microsoft Visual Studio\2022\Community\VC\Tools\MSVC\14.42.34433\include\__msvc_string_view.hpp(750,54): error C2039: 'min': is not a member of 'std'
  (compiling source file 'FileManager.cpp')
      C:\Program Files\Microsoft Visual Studio\2022\Community\VC\Tools\MSVC\14.42.34433\include\__msvc_string_view.hpp(22,1):
      see declaration of 'std'
  
C:\Program Files\Microsoft Visual Studio\2022\Community\VC\Tools\MSVC\14.42.34433\include\__msvc_string_view.hpp(760,54): error C2039: 'min': is not a member of 'std'
  (compiling source file 'FileManager.cpp')
      C:\Program Files\Microsoft Visual Studio\2022\Community\VC\Tools\MSVC\14.42.34433\include\__msvc_string_view.hpp(22,1):
      see declaration of 'std'
  
C:\Program Files\Microsoft Visual Studio\2022\Community\VC\Tools\MSVC\14.42.34433\include\__msvc_string_view.hpp(837,54): error C2039: 'min': is not a member of 'std'
  (compiling source file 'FileManager.cpp')
      C:\Program Files\Microsoft Visual Studio\2022\Community\VC\Tools\MSVC\14.42.34433\include\__msvc_string_view.hpp(22,1):
      see declaration of 'std'
  
C:\Program Files\Microsoft Visual Studio\2022\Community\VC\Tools\MSVC\14.42.34433\include\__msvc_string_view.hpp(847,54): error C2039: 'min': is not a member of 'std'
  (compiling source file 'FileManager.cpp')
      C:\Program Files\Microsoft Visual Studio\2022\Community\VC\Tools\MSVC\14.42.34433\include\__msvc_string_view.hpp(22,1):
      see declaration of 'std'
  
C:\Program Files\Microsoft Visual Studio\2022\Community\VC\Tools\MSVC\14.42.34433\include\__msvc_string_view.hpp(867,50): error C2039: 'min': is not a member of 'std'
  (compiling source file 'FileManager.cpp')
      C:\Program Files\Microsoft Visual Studio\2022\Community\VC\Tools\MSVC\14.42.34433\include\__msvc_string_view.hpp(22,1):
      see declaration of 'std'
  
C:\Program Files\Microsoft Visual Studio\2022\Community\VC\Tools\MSVC\14.42.34433\include\xstring(28,39): error C3861: '_Iterator_base': identifier not found
  (compiling source file 'FileManager.cpp')
      C:\Program Files\Microsoft Visual Studio\2022\Community\VC\Tools\MSVC\14.42.34433\include\xstring(28,39):
      the template instantiation context (the oldest one first) is
          C:\Program Files\Microsoft Visual Studio\2022\Community\VC\Tools\MSVC\14.42.34433\include\xstring(28,7):
          while compiling class template 'std::_String_const_iterator'
  
C:\Program Files\Microsoft Visual Studio\2022\Community\VC\Tools\MSVC\14.42.34433\include\xstring(33,31): error C2061: syntax error: identifier 'random_access_iterator_tag'
  (compiling source file 'FileManager.cpp')
  
C:\Program Files\Microsoft Visual Studio\2022\Community\VC\Tools\MSVC\14.42.34433\include\xstring(41,56): error C4430: missing type specifier - int assumed. Note: C++ does not support default-int
  (compiling source file 'FileManager.cpp')
  
C:\Program Files\Microsoft Visual Studio\2022\Community\VC\Tools\MSVC\14.42.34433\include\xstring(41,77): error C2143: syntax error: missing ',' before '*'
  (compiling source file 'FileManager.cpp')
  
C:\Program Files\Microsoft Visual Studio\2022\Community\VC\Tools\MSVC\14.42.34433\include\xstring(42,22): error C3861: '_Pstring': identifier not found
  (compiling source file 'FileManager.cpp')
  
C:\Program Files\Microsoft Visual Studio\2022\Community\VC\Tools\MSVC\14.42.34433\include\xstring(42,22): error C2065: '_Pstring': undeclared identifier
  (compiling source file 'FileManager.cpp')
  
C:\Program Files\Microsoft Visual Studio\2022\Community\VC\Tools\MSVC\14.42.34433\include\xstring(62,16): error C2065: 'pointer_traits': undeclared identifier
  (compiling source file 'FileManager.cpp')
  
C:\Program Files\Microsoft Visual Studio\2022\Community\VC\Tools\MSVC\14.42.34433\include\xstring(62,38): error C3878: syntax error: unexpected token '>' following 'simple-type-specifier'
  (compiling source file 'FileManager.cpp')
      C:\Program Files\Microsoft Visual Studio\2022\Community\VC\Tools\MSVC\14.42.34433\include\xstring(62,38):
      missing one of: ( { ?
  
C:\Program Files\Microsoft Visual Studio\2022\Community\VC\Tools\MSVC\14.42.34433\include\xstring(62,38): error C3878: syntax error: unexpected token '>' following 'expression'
  (compiling source file 'FileManager.cpp')
  
C:\Program Files\Microsoft Visual Studio\2022\Community\VC\Tools\MSVC\14.42.34433\include\xstring(62,38): message : error recovery skipped: '> :: identifier  . . . this'
  (compiling source file 'FileManager.cpp')
  
C:\Program Files\Microsoft Visual Studio\2022\Community\VC\Tools\MSVC\14.42.34433\include\xstring(62,58): error C2760: syntax error: ')' was unexpected here; expected ';'
  (compiling source file 'FileManager.cpp')
  
C:\Program Files\Microsoft Visual Studio\2022\Community\VC\Tools\MSVC\14.42.34433\include\xstring(62,58): error C3878: syntax error: unexpected token ')' following 'jump-statement'
  (compiling source file 'FileManager.cpp')
  
C:\Program Files\Microsoft Visual Studio\2022\Community\VC\Tools\MSVC\14.42.34433\include\xstring(62,58): message : error recovery skipped: ')'
  (compiling source file 'FileManager.cpp')
  
C:\Program Files\Microsoft Visual Studio\2022\Community\VC\Tools\MSVC\14.42.34433\include\xstring(223,21): error C2039: '_Unfancy_maybe_null': is not a member of 'std'
  (compiling source file 'FileManager.cpp')
      C:\Program Files\Microsoft Visual Studio\2022\Community\VC\Tools\MSVC\14.42.34433\include\xstring(26,1):
      see declaration of 'std'
  
C:\Program Files\Microsoft Visual Studio\2022\Community\VC\Tools\MSVC\14.42.34433\include\xstring(227,48): error C3878: syntax error: unexpected token '>' following 'simple-type-specifier'
  (compiling source file 'FileManager.cpp')
      C:\Program Files\Microsoft Visual Studio\2022\Community\VC\Tools\MSVC\14.42.34433\include\xstring(227,48):
      missing one of: ( { ?
  
C:\Program Files\Microsoft Visual Studio\2022\Community\VC\Tools\MSVC\14.42.34433\include\xstring(227,48): error C3878: syntax error: unexpected token '>' following 'expression'
  (compiling source file 'FileManager.cpp')
  
C:\Program Files\Microsoft Visual Studio\2022\Community\VC\Tools\MSVC\14.42.34433\include\xstring(227,48): message : error recovery skipped: '> ( const_cast  . . . identifier'
  (compiling source file 'FileManager.cpp')
  
C:\Program Files\Microsoft Visual Studio\2022\Community\VC\Tools\MSVC\14.42.34433\include\xstring(227,77): error C2760: syntax error: ')' was unexpected here; expected ';'
  (compiling source file 'FileManager.cpp')
  
C:\Program Files\Microsoft Visual Studio\2022\Community\VC\Tools\MSVC\14.42.34433\include\xstring(227,77): error C3878: syntax error: unexpected token ')' following 'expression-statement'
  (compiling source file 'FileManager.cpp')
  
C:\Program Files\Microsoft Visual Studio\2022\Community\VC\Tools\MSVC\14.42.34433\include\xstring(227,77): message : error recovery skipped: ') )'
  (compiling source file 'FileManager.cpp')
  
C:\Program Files\Microsoft Visual Studio\2022\Community\VC\Tools\MSVC\14.42.34433\include\xstring(272,31): error C2061: syntax error: identifier 'random_access_iterator_tag'
  (compiling source file 'FileManager.cpp')
      C:\Program Files\Microsoft Visual Studio\2022\Community\VC\Tools\MSVC\14.42.34433\include\xstring(272,31):
      the template instantiation context (the oldest one first) is
          C:\Program Files\Microsoft Visual Studio\2022\Community\VC\Tools\MSVC\14.42.34433\include\xstring(265,7):
          while compiling class template 'std::_String_iterator'
  
C:\Program Files\Microsoft Visual Studio\2022\Community\VC\Tools\MSVC\14.42.34433\include\xstring(285,16): error C2065: 'pointer_traits': undeclared identifier
  (compiling source file 'FileManager.cpp')
  
C:\Program Files\Microsoft Visual Studio\2022\Community\VC\Tools\MSVC\14.42.34433\include\xstring(285,38): error C3878: syntax error: unexpected token '>' following 'simple-type-specifier'
  (compiling source file 'FileManager.cpp')
      C:\Program Files\Microsoft Visual Studio\2022\Community\VC\Tools\MSVC\14.42.34433\include\xstring(285,38):
      missing one of: ( { ?
  
C:\Program Files\Microsoft Visual Studio\2022\Community\VC\Tools\MSVC\14.42.34433\include\xstring(285,38): error C3878: syntax error: unexpected token '>' following 'expression'
  (compiling source file 'FileManager.cpp')
  
C:\Program Files\Microsoft Visual Studio\2022\Community\VC\Tools\MSVC\14.42.34433\include\xstring(285,38): message : error recovery skipped: '> :: identifier  . . . this'
  (compiling source file 'FileManager.cpp')
  
C:\Program Files\Microsoft Visual Studio\2022\Community\VC\Tools\MSVC\14.42.34433\include\xstring(285,58): error C2760: syntax error: ')' was unexpected here; expected ';'
  (compiling source file 'FileManager.cpp')
  
C:\Program Files\Microsoft Visual Studio\2022\Community\VC\Tools\MSVC\14.42.34433\include\xstring(285,58): error C3878: syntax error: unexpected token ')' following 'jump-statement'
  (compiling source file 'FileManager.cpp')
  
C:\Program Files\Microsoft Visual Studio\2022\Community\VC\Tools\MSVC\14.42.34433\include\xstring(285,58): message : error recovery skipped: ')'
  (compiling source file 'FileManager.cpp')
  
C:\Program Files\Microsoft Visual Studio\2022\Community\VC\Tools\MSVC\14.42.34433\include\xstring(347,45): error C2039: '_Unfancy_maybe_null': is not a member of 'std'
  (compiling source file 'FileManager.cpp')
      C:\Program Files\Microsoft Visual Studio\2022\Community\VC\Tools\MSVC\14.42.34433\include\xstring(26,1):
      see declaration of 'std'
  
C:\Program Files\Microsoft Visual Studio\2022\Community\VC\Tools\MSVC\14.42.34433\include\xstring(392,28): error C3861: '_Container_base': identifier not found
  (compiling source file 'FileManager.cpp')
      C:\Program Files\Microsoft Visual Studio\2022\Community\VC\Tools\MSVC\14.42.34433\include\xstring(392,28):
      the template instantiation context (the oldest one first) is
          C:\Program Files\Microsoft Visual Studio\2022\Community\VC\Tools\MSVC\14.42.34433\include\xstring(392,7):
          while compiling class template 'std::_String_val'
  
C:\Program Files\Microsoft Visual Studio\2022\Community\VC\Tools\MSVC\14.42.34433\include\xstring(463,9): error C3861: '_Xout_of_range': identifier not found
  (compiling source file 'FileManager.cpp')
      C:\Program Files\Microsoft Visual Studio\2022\Community\VC\Tools\MSVC\14.42.34433\include\xstring(463,23):
      '_Xout_of_range': function declaration must be available as none of the arguments depend on a template parameter
  
C:\Program Files\Microsoft Visual Studio\2022\Community\VC\Tools\MSVC\14.42.34433\include\xstring(468,22): error C2039: 'min': is not a member of 'std'
  (compiling source file 'FileManager.cpp')
      C:\Program Files\Microsoft Visual Studio\2022\Community\VC\Tools\MSVC\14.42.34433\include\xstring(26,1):
      see declaration of 'std'
  
C:\Program Files\Microsoft Visual Studio\2022\Community\VC\Tools\MSVC\14.42.34433\include\xstring(482,18): error C2039: '_Destroy_in_place': is not a member of 'std'
  (compiling source file 'FileManager.cpp')
      C:\Program Files\Microsoft Visual Studio\2022\Community\VC\Tools\MSVC\14.42.34433\include\xstring(26,1):
      see declaration of 'std'
  
C:\Program Files\Microsoft Visual Studio\2022\Community\VC\Tools\MSVC\14.42.34433\include\xstring(517,5): error C3861: '_Xlength_error': identifier not found
  (compiling source file 'FileManager.cpp')
  
C:\Program Files\Microsoft Visual Studio\2022\Community\VC\Tools\MSVC\14.42.34433\include\xstring(529,34): error C2143: syntax error: missing ';' before '<'
  (compiling source file 'FileManager.cpp')
      C:\Program Files\Microsoft Visual Studio\2022\Community\VC\Tools\MSVC\14.42.34433\include\xstring(529,34):
      the template instantiation context (the oldest one first) is
          C:\Program Files\Microsoft Visual Studio\2022\Community\VC\Tools\MSVC\14.42.34433\include\xstring(527,7):
          while compiling class template 'std::basic_string'
  
C:\Program Files\Microsoft Visual Studio\2022\Community\VC\Tools\MSVC\14.42.34433\include\xstring(529,12): error C2433: 'std::_Tidy_deallocate_guard': 'friend' not permitted on data declarations
  (compiling source file 'FileManager.cpp')
  
C:\Program Files\Microsoft Visual Studio\2022\Community\VC\Tools\MSVC\14.42.34433\include\xstring(529,12): error C4430: missing type specifier - int assumed. Note: C++ does not support default-int
  (compiling source file 'FileManager.cpp')
  
C:\Program Files\Microsoft Visual Studio\2022\Community\VC\Tools\MSVC\14.42.34433\include\xstring(529,48): error C2238: unexpected token(s) preceding ';'
  (compiling source file 'FileManager.cpp')
  
C:\Program Files\Microsoft Visual Studio\2022\Community\VC\Tools\MSVC\14.42.34433\include\xstring(532,26): error C2061: syntax error: identifier '_Rebind_alloc_t'
  (compiling source file 'FileManager.cpp')
  
C:\Program Files\Microsoft Visual Studio\2022\Community\VC\Tools\MSVC\14.42.34433\include\xstring(533,26): error C2061: syntax error: identifier 'allocator_traits'
  (compiling source file 'FileManager.cpp')
  
C:\Program Files\Microsoft Visual Studio\2022\Community\VC\Tools\MSVC\14.42.34433\include\xstring(535,50): error C2065: '_Is_simple_alloc_v': undeclared identifier
  (compiling source file 'FileManager.cpp')
  
C:\Program Files\Microsoft Visual Studio\2022\Community\VC\Tools\MSVC\14.42.34433\include\xstring(535,69): error C2065: '_Alty': undeclared identifier
  (compiling source file 'FileManager.cpp')
  
C:\Program Files\Microsoft Visual Studio\2022\Community\VC\Tools\MSVC\14.42.34433\include\xstring(535,36): error C2976: 'std::conditional_t': too few template arguments
  (compiling source file 'FileManager.cpp')
      C:\Program Files\Microsoft Visual Studio\2022\Community\VC\Tools\MSVC\14.42.34433\include\xtr1common(69,1):
      see declaration of 'std::conditional_t'
  
C:\Program Files\Microsoft Visual Studio\2022\Community\VC\Tools\MSVC\14.42.34433\include\xstring(535,77): error C2065: '_Simple_types': undeclared identifier
  (compiling source file 'FileManager.cpp')
  
C:\Program Files\Microsoft Visual Studio\2022\Community\VC\Tools\MSVC\14.42.34433\include\xstring(535,24): error C2977: 'std::_String_val': too many template arguments
  (compiling source file 'FileManager.cpp')
      C:\Program Files\Microsoft Visual Studio\2022\Community\VC\Tools\MSVC\14.42.34433\include\xstring(392,7):
      see declaration of 'std::_String_val'
  
C:\Program Files\Microsoft Visual Studio\2022\Community\VC\Tools\MSVC\14.42.34433\include\xstring(535,97): error C2143: syntax error: missing ';' before ','
  (compiling source file 'FileManager.cpp')
  
C:\Program Files\Microsoft Visual Studio\2022\Community\VC\Tools\MSVC\14.42.34433\include\xstring(535,97): error C2059: syntax error: ','
  (compiling source file 'FileManager.cpp')
  
C:\Program Files\Microsoft Visual Studio\2022\Community\VC\Tools\MSVC\14.42.34433\include\xstring(536,44): error C2065: '_Alty_traits': undeclared identifier
  (compiling source file 'FileManager.cpp')
  
C:\Program Files\Microsoft Visual Studio\2022\Community\VC\Tools\MSVC\14.42.34433\include\xstring(536,78): error C2065: '_Alty_traits': undeclared identifier
  (compiling source file 'FileManager.cpp')
  
C:\Program Files\Microsoft Visual Studio\2022\Community\VC\Tools\MSVC\14.42.34433\include\xstring(537,22): error C2065: '_Alty_traits': undeclared identifier
  (compiling source file 'FileManager.cpp')
  
C:\Program Files\Microsoft Visual Studio\2022\Community\VC\Tools\MSVC\14.42.34433\include\xstring(537,54): error C2065: '_Alty_traits': undeclared identifier
  (compiling source file 'FileManager.cpp')
  
C:\Program Files\Microsoft Visual Studio\2022\Community\VC\Tools\MSVC\14.42.34433\include\xstring(536,44): error C2653: '_Alty_traits': is not a class or namespace name
  (compiling source file 'FileManager.cpp')
  
C:\Program Files\Microsoft Visual Studio\2022\Community\VC\Tools\MSVC\14.42.34433\include\xstring(536,58): error C2146: syntax error: missing '>' before identifier 'size_type'
  (compiling source file 'FileManager.cpp')
  
C:\Program Files\Microsoft Visual Studio\2022\Community\VC\Tools\MSVC\14.42.34433\include\xstring(536,78): error C2653: '_Alty_traits': is not a class or namespace name
  (compiling source file 'FileManager.cpp')
  
C:\Program Files\Microsoft Visual Studio\2022\Community\VC\Tools\MSVC\14.42.34433\include\xstring(537,22): error C2653: '_Alty_traits': is not a class or namespace name
  (compiling source file 'FileManager.cpp')
  
C:\Program Files\Microsoft Visual Studio\2022\Community\VC\Tools\MSVC\14.42.34433\include\xstring(537,54): error C2653: '_Alty_traits': is not a class or namespace name
  (compiling source file 'FileManager.cpp')
  
C:\Program Files\Microsoft Visual Studio\2022\Community\VC\Tools\MSVC\14.42.34433\include\xstring(537,84): error C2238: unexpected token(s) preceding ';'
  (compiling source file 'FileManager.cpp')
  
C:\Program Files\Microsoft Visual Studio\2022\Community\VC\Tools\MSVC\14.42.34433\include\xstring(555,38): error C2653: '_Alty_traits': is not a class or namespace name
  (compiling source file 'FileManager.cpp')
  
C:\Program Files\Microsoft Visual Studio\2022\Community\VC\Tools\MSVC\14.42.34433\include\xstring(555,52): error C2146: syntax error: missing ';' before identifier 'size_type'
  (compiling source file 'FileManager.cpp')
  
C:\Program Files\Microsoft Visual Studio\2022\Community\VC\Tools\MSVC\14.42.34433\include\xstring(555,11): error C4430: missing type specifier - int assumed. Note: C++ does not support default-int
  (compiling source file 'FileManager.cpp')
  
C:\Program Files\Microsoft Visual Studio\2022\Community\VC\Tools\MSVC\14.42.34433\include\xstring(555,52): error C2868: 'std::basic_string<_Elem,_Traits,_Alloc>::size_type': ill-formed using-declaration; expected a qualified-name
  (compiling source file 'FileManager.cpp')
  
C:\Program Files\Microsoft Visual Studio\2022\Community\VC\Tools\MSVC\14.42.34433\include\xstring(556,38): error C2653: '_Alty_traits': is not a class or namespace name
  (compiling source file 'FileManager.cpp')
  
C:\Program Files\Microsoft Visual Studio\2022\Community\VC\Tools\MSVC\14.42.34433\include\xstring(556,52): error C2146: syntax error: missing ';' before identifier 'difference_type'
  (compiling source file 'FileManager.cpp')
  
C:\Program Files\Microsoft Visual Studio\2022\Community\VC\Tools\MSVC\14.42.34433\include\xstring(556,11): error C4430: missing type specifier - int assumed. Note: C++ does not support default-int
  (compiling source file 'FileManager.cpp')
  
C:\Program Files\Microsoft Visual Studio\2022\Community\VC\Tools\MSVC\14.42.34433\include\xstring(556,52): error C2868: 'std::basic_string<_Elem,_Traits,_Alloc>::difference_type': ill-formed using-declaration; expected a qualified-name
  (compiling source file 'FileManager.cpp')
  
C:\Program Files\Microsoft Visual Studio\2022\Community\VC\Tools\MSVC\14.42.34433\include\xstring(557,38): error C2653: '_Alty_traits': is not a class or namespace name
  (compiling source file 'FileManager.cpp')
  
C:\Program Files\Microsoft Visual Studio\2022\Community\VC\Tools\MSVC\14.42.34433\include\xstring(557,52): error C2146: syntax error: missing ';' before identifier 'pointer'
  (compiling source file 'FileManager.cpp')
  
C:\Program Files\Microsoft Visual Studio\2022\Community\VC\Tools\MSVC\14.42.34433\include\xstring(557,11): error C4430: missing type specifier - int assumed. Note: C++ does not support default-int
  (compiling source file 'FileManager.cpp')
  
C:\Program Files\Microsoft Visual Studio\2022\Community\VC\Tools\MSVC\14.42.34433\include\xstring(557,52): error C2868: 'std::basic_string<_Elem,_Traits,_Alloc>::pointer': ill-formed using-declaration; expected a qualified-name
  (compiling source file 'FileManager.cpp')
  
C:\Program Files\Microsoft Visual Studio\2022\Community\VC\Tools\MSVC\14.42.34433\include\xstring(558,38): error C2653: '_Alty_traits': is not a class or namespace name
  (compiling source file 'FileManager.cpp')
  
C:\Program Files\Microsoft Visual Studio\2022\Community\VC\Tools\MSVC\14.42.34433\include\xstring(558,52): error C2146: syntax error: missing ';' before identifier 'const_pointer'
  (compiling source file 'FileManager.cpp')
  
C:\Program Files\Microsoft Visual Studio\2022\Community\VC\Tools\MSVC\14.42.34433\include\xstring(558,11): error C4430: missing type specifier - int assumed. Note: C++ does not support default-int
  (compiling source file 'FileManager.cpp')
  
C:\Program Files\Microsoft Visual Studio\2022\Community\VC\Tools\MSVC\14.42.34433\include\xstring(558,52): error C2868: 'std::basic_string<_Elem,_Traits,_Alloc>::const_pointer': ill-formed using-declaration; expected a qualified-name
  (compiling source file 'FileManager.cpp')
  
C:\Program Files\Microsoft Visual Studio\2022\Community\VC\Tools\MSVC\14.42.34433\include\xstring(562,45): error C3203: '_String_val': unspecialized class template can't be used as a template argument for template parameter '_Mystr', expected a real type
  (compiling source file 'FileManager.cpp')
  
C:\Program Files\Microsoft Visual Studio\2022\Community\VC\Tools\MSVC\14.42.34433\include\xstring(563,51): error C3203: '_String_val': unspecialized class template can't be used as a template argument for template parameter '_Mystr', expected a real type
  (compiling source file 'FileManager.cpp')
  
C:\Program Files\Microsoft Visual Studio\2022\Community\VC\Tools\MSVC\14.42.34433\include\xstring(565,41): error C2039: 'reverse_iterator': is not a member of 'std'
  (compiling source file 'FileManager.cpp')
      C:\Program Files\Microsoft Visual Studio\2022\Community\VC\Tools\MSVC\14.42.34433\include\xstring(26,1):
      see declaration of 'std'
  
C:\Program Files\Microsoft Visual Studio\2022\Community\VC\Tools\MSVC\14.42.34433\include\xstring(565,41): error C2061: syntax error: identifier 'reverse_iterator'
  (compiling source file 'FileManager.cpp')
  
C:\Program Files\Microsoft Visual Studio\2022\Community\VC\Tools\MSVC\14.42.34433\include\xstring(566,41): error C2039: 'reverse_iterator': is not a member of 'std'
  (compiling source file 'FileManager.cpp')
      C:\Program Files\Microsoft Visual Studio\2022\Community\VC\Tools\MSVC\14.42.34433\include\xstring(26,1):
      see declaration of 'std'
  
C:\Program Files\Microsoft Visual Studio\2022\Community\VC\Tools\MSVC\14.42.34433\include\xstring(566,41): error C2061: syntax error: identifier 'reverse_iterator'
  (compiling source file 'FileManager.cpp')
  
C:\Program Files\Microsoft Visual Studio\2022\Community\VC\Tools\MSVC\14.42.34433\include\xstring(588,69): error C3861: '_Container_base': identifier not found
  (compiling source file 'FileManager.cpp')
  
C:\Program Files\Microsoft Visual Studio\2022\Community\VC\Tools\MSVC\14.42.34433\include\xstring(778,40): error C2065: '_Is_iterator_v': undeclared identifier
  (compiling source file 'FileManager.cpp')
  
C:\Program Files\Microsoft Visual Studio\2022\Community\VC\Tools\MSVC\14.42.34433\include\xstring(778,68): error C2988: unrecognizable template declaration/definition
  (compiling source file 'FileManager.cpp')
  
C:\Program Files\Microsoft Visual Studio\2022\Community\VC\Tools\MSVC\14.42.34433\include\xstring(778,68): error C2059: syntax error: '='
  (compiling source file 'FileManager.cpp')
  
C:\Program Files\Microsoft Visual Studio\2022\Community\VC\Tools\MSVC\14.42.34433\include\xstring(780,9): error C2334: unexpected token(s) preceding ':'; skipping apparent function body
  (compiling source file 'FileManager.cpp')
  
C:\Program Files\Microsoft Visual Studio\2022\Community\VC\Tools\MSVC\14.42.34433\include\xstring(3090,1): error C1903: unable to recover from previous error(s); stopping compilation
  (compiling source file 'FileManager.cpp')
  
  Main.cpp
C:\Program Files\Microsoft Visual Studio\2022\Community\VC\Tools\MSVC\14.42.34433\include\__msvc_string_view.hpp(546,60): error C2039: 'min': is not a member of 'std'
  (compiling source file 'Main.cpp')
      C:\Program Files\Microsoft Visual Studio\2022\Community\VC\Tools\MSVC\14.42.34433\include\__msvc_string_view.hpp(22,1):
      see declaration of 'std'
  
C:\Program Files\Microsoft Visual Studio\2022\Community\VC\Tools\MSVC\14.42.34433\include\__msvc_string_view.hpp(617,22): error C2039: 'min': is not a member of 'std'
  (compiling source file 'Main.cpp')
      C:\Program Files\Microsoft Visual Studio\2022\Community\VC\Tools\MSVC\14.42.34433\include\__msvc_string_view.hpp(22,1):
      see declaration of 'std'
  
C:\Program Files\Microsoft Visual Studio\2022\Community\VC\Tools\MSVC\14.42.34433\include\__msvc_string_view.hpp(621,50): error C2039: 'min': is not a member of 'std'
  (compiling source file 'Main.cpp')
      C:\Program Files\Microsoft Visual Studio\2022\Community\VC\Tools\MSVC\14.42.34433\include\__msvc_string_view.hpp(22,1):
      see declaration of 'std'
  
C:\Program Files\Microsoft Visual Studio\2022\Community\VC\Tools\MSVC\14.42.34433\include\__msvc_string_view.hpp(640,50): error C2039: 'min': is not a member of 'std'
  (compiling source file 'Main.cpp')
      C:\Program Files\Microsoft Visual Studio\2022\Community\VC\Tools\MSVC\14.42.34433\include\__msvc_string_view.hpp(22,1):
      see declaration of 'std'
  
C:\Program Files\Microsoft Visual Studio\2022\Community\VC\Tools\MSVC\14.42.34433\include\__msvc_string_view.hpp(750,54): error C2039: 'min': is not a member of 'std'
  (compiling source file 'Main.cpp')
      C:\Program Files\Microsoft Visual Studio\2022\Community\VC\Tools\MSVC\14.42.34433\include\__msvc_string_view.hpp(22,1):
      see declaration of 'std'
  
C:\Program Files\Microsoft Visual Studio\2022\Community\VC\Tools\MSVC\14.42.34433\include\__msvc_string_view.hpp(760,54): error C2039: 'min': is not a member of 'std'
  (compiling source file 'Main.cpp')
      C:\Program Files\Microsoft Visual Studio\2022\Community\VC\Tools\MSVC\14.42.34433\include\__msvc_string_view.hpp(22,1):
      see declaration of 'std'
  
C:\Program Files\Microsoft Visual Studio\2022\Community\VC\Tools\MSVC\14.42.34433\include\__msvc_string_view.hpp(837,54): error C2039: 'min': is not a member of 'std'
  (compiling source file 'Main.cpp')
      C:\Program Files\Microsoft Visual Studio\2022\Community\VC\Tools\MSVC\14.42.34433\include\__msvc_string_view.hpp(22,1):
      see declaration of 'std'
  
C:\Program Files\Microsoft Visual Studio\2022\Community\VC\Tools\MSVC\14.42.34433\include\__msvc_string_view.hpp(847,54): error C2039: 'min': is not a member of 'std'
  (compiling source file 'Main.cpp')
      C:\Program Files\Microsoft Visual Studio\2022\Community\VC\Tools\MSVC\14.42.34433\include\__msvc_string_view.hpp(22,1):
      see declaration of 'std'
  
C:\Program Files\Microsoft Visual Studio\2022\Community\VC\Tools\MSVC\14.42.34433\include\__msvc_string_view.hpp(867,50): error C2039: 'min': is not a member of 'std'
  (compiling source file 'Main.cpp')
      C:\Program Files\Microsoft Visual Studio\2022\Community\VC\Tools\MSVC\14.42.34433\include\__msvc_string_view.hpp(22,1):
      see declaration of 'std'
  
C:\Program Files\Microsoft Visual Studio\2022\Community\VC\Tools\MSVC\14.42.34433\include\xstring(28,39): error C3861: '_Iterator_base': identifier not found
  (compiling source file 'Main.cpp')
      C:\Program Files\Microsoft Visual Studio\2022\Community\VC\Tools\MSVC\14.42.34433\include\xstring(28,39):
      the template instantiation context (the oldest one first) is
          C:\Program Files\Microsoft Visual Studio\2022\Community\VC\Tools\MSVC\14.42.34433\include\xstring(28,7):
          while compiling class template 'std::_String_const_iterator'
  
C:\Program Files\Microsoft Visual Studio\2022\Community\VC\Tools\MSVC\14.42.34433\include\xstring(33,31): error C2061: syntax error: identifier 'random_access_iterator_tag'
  (compiling source file 'Main.cpp')
  
C:\Program Files\Microsoft Visual Studio\2022\Community\VC\Tools\MSVC\14.42.34433\include\xstring(41,56): error C4430: missing type specifier - int assumed. Note: C++ does not support default-int
  (compiling source file 'Main.cpp')
  
C:\Program Files\Microsoft Visual Studio\2022\Community\VC\Tools\MSVC\14.42.34433\include\xstring(41,77): error C2143: syntax error: missing ',' before '*'
  (compiling source file 'Main.cpp')
  
C:\Program Files\Microsoft Visual Studio\2022\Community\VC\Tools\MSVC\14.42.34433\include\xstring(42,22): error C3861: '_Pstring': identifier not found
  (compiling source file 'Main.cpp')
  
C:\Program Files\Microsoft Visual Studio\2022\Community\VC\Tools\MSVC\14.42.34433\include\xstring(42,22): error C2065: '_Pstring': undeclared identifier
  (compiling source file 'Main.cpp')
  
C:\Program Files\Microsoft Visual Studio\2022\Community\VC\Tools\MSVC\14.42.34433\include\xstring(62,16): error C2065: 'pointer_traits': undeclared identifier
  (compiling source file 'Main.cpp')
  
C:\Program Files\Microsoft Visual Studio\2022\Community\VC\Tools\MSVC\14.42.34433\include\xstring(62,38): error C3878: syntax error: unexpected token '>' following 'simple-type-specifier'
  (compiling source file 'Main.cpp')
      C:\Program Files\Microsoft Visual Studio\2022\Community\VC\Tools\MSVC\14.42.34433\include\xstring(62,38):
      missing one of: ( { ?
  
C:\Program Files\Microsoft Visual Studio\2022\Community\VC\Tools\MSVC\14.42.34433\include\xstring(62,38): error C3878: syntax error: unexpected token '>' following 'expression'
  (compiling source file 'Main.cpp')
  
C:\Program Files\Microsoft Visual Studio\2022\Community\VC\Tools\MSVC\14.42.34433\include\xstring(62,38): message : error recovery skipped: '> :: identifier  . . . this'
  (compiling source file 'Main.cpp')
  
C:\Program Files\Microsoft Visual Studio\2022\Community\VC\Tools\MSVC\14.42.34433\include\xstring(62,58): error C2760: syntax error: ')' was unexpected here; expected ';'
  (compiling source file 'Main.cpp')
  
C:\Program Files\Microsoft Visual Studio\2022\Community\VC\Tools\MSVC\14.42.34433\include\xstring(62,58): error C3878: syntax error: unexpected token ')' following 'jump-statement'
  (compiling source file 'Main.cpp')
  
C:\Program Files\Microsoft Visual Studio\2022\Community\VC\Tools\MSVC\14.42.34433\include\xstring(62,58): message : error recovery skipped: ')'
  (compiling source file 'Main.cpp')
  
C:\Program Files\Microsoft Visual Studio\2022\Community\VC\Tools\MSVC\14.42.34433\include\xstring(223,21): error C2039: '_Unfancy_maybe_null': is not a member of 'std'
  (compiling source file 'Main.cpp')
      C:\Program Files\Microsoft Visual Studio\2022\Community\VC\Tools\MSVC\14.42.34433\include\xstring(26,1):
      see declaration of 'std'
  
C:\Program Files\Microsoft Visual Studio\2022\Community\VC\Tools\MSVC\14.42.34433\include\xstring(227,48): error C3878: syntax error: unexpected token '>' following 'simple-type-specifier'
  (compiling source file 'Main.cpp')
      C:\Program Files\Microsoft Visual Studio\2022\Community\VC\Tools\MSVC\14.42.34433\include\xstring(227,48):
      missing one of: ( { ?
  
C:\Program Files\Microsoft Visual Studio\2022\Community\VC\Tools\MSVC\14.42.34433\include\xstring(227,48): error C3878: syntax error: unexpected token '>' following 'expression'
  (compiling source file 'Main.cpp')
  
C:\Program Files\Microsoft Visual Studio\2022\Community\VC\Tools\MSVC\14.42.34433\include\xstring(227,48): message : error recovery skipped: '> ( const_cast  . . . identifier'
  (compiling source file 'Main.cpp')
  
C:\Program Files\Microsoft Visual Studio\2022\Community\VC\Tools\MSVC\14.42.34433\include\xstring(227,77): error C2760: syntax error: ')' was unexpected here; expected ';'
  (compiling source file 'Main.cpp')
  
C:\Program Files\Microsoft Visual Studio\2022\Community\VC\Tools\MSVC\14.42.34433\include\xstring(227,77): error C3878: syntax error: unexpected token ')' following 'expression-statement'
  (compiling source file 'Main.cpp')
  
C:\Program Files\Microsoft Visual Studio\2022\Community\VC\Tools\MSVC\14.42.34433\include\xstring(227,77): message : error recovery skipped: ') )'
  (compiling source file 'Main.cpp')
  
C:\Program Files\Microsoft Visual Studio\2022\Community\VC\Tools\MSVC\14.42.34433\include\xstring(272,31): error C2061: syntax error: identifier 'random_access_iterator_tag'
  (compiling source file 'Main.cpp')
      C:\Program Files\Microsoft Visual Studio\2022\Community\VC\Tools\MSVC\14.42.34433\include\xstring(272,31):
      the template instantiation context (the oldest one first) is
          C:\Program Files\Microsoft Visual Studio\2022\Community\VC\Tools\MSVC\14.42.34433\include\xstring(265,7):
          while compiling class template 'std::_String_iterator'
  
C:\Program Files\Microsoft Visual Studio\2022\Community\VC\Tools\MSVC\14.42.34433\include\xstring(285,16): error C2065: 'pointer_traits': undeclared identifier
  (compiling source file 'Main.cpp')
  
C:\Program Files\Microsoft Visual Studio\2022\Community\VC\Tools\MSVC\14.42.34433\include\xstring(285,38): error C3878: syntax error: unexpected token '>' following 'simple-type-specifier'
  (compiling source file 'Main.cpp')
      C:\Program Files\Microsoft Visual Studio\2022\Community\VC\Tools\MSVC\14.42.34433\include\xstring(285,38):
      missing one of: ( { ?
  
C:\Program Files\Microsoft Visual Studio\2022\Community\VC\Tools\MSVC\14.42.34433\include\xstring(285,38): error C3878: syntax error: unexpected token '>' following 'expression'
  (compiling source file 'Main.cpp')
  
C:\Program Files\Microsoft Visual Studio\2022\Community\VC\Tools\MSVC\14.42.34433\include\xstring(285,38): message : error recovery skipped: '> :: identifier  . . . this'
  (compiling source file 'Main.cpp')
  
C:\Program Files\Microsoft Visual Studio\2022\Community\VC\Tools\MSVC\14.42.34433\include\xstring(285,58): error C2760: syntax error: ')' was unexpected here; expected ';'
  (compiling source file 'Main.cpp')
  
C:\Program Files\Microsoft Visual Studio\2022\Community\VC\Tools\MSVC\14.42.34433\include\xstring(285,58): error C3878: syntax error: unexpected token ')' following 'jump-statement'
  (compiling source file 'Main.cpp')
  
C:\Program Files\Microsoft Visual Studio\2022\Community\VC\Tools\MSVC\14.42.34433\include\xstring(285,58): message : error recovery skipped: ')'
  (compiling source file 'Main.cpp')
  
C:\Program Files\Microsoft Visual Studio\2022\Community\VC\Tools\MSVC\14.42.34433\include\xstring(347,45): error C2039: '_Unfancy_maybe_null': is not a member of 'std'
  (compiling source file 'Main.cpp')
      C:\Program Files\Microsoft Visual Studio\2022\Community\VC\Tools\MSVC\14.42.34433\include\xstring(26,1):
      see declaration of 'std'
  
C:\Program Files\Microsoft Visual Studio\2022\Community\VC\Tools\MSVC\14.42.34433\include\xstring(392,28): error C3861: '_Container_base': identifier not found
  (compiling source file 'Main.cpp')
      C:\Program Files\Microsoft Visual Studio\2022\Community\VC\Tools\MSVC\14.42.34433\include\xstring(392,28):
      the template instantiation context (the oldest one first) is
          C:\Program Files\Microsoft Visual Studio\2022\Community\VC\Tools\MSVC\14.42.34433\include\xstring(392,7):
          while compiling class template 'std::_String_val'
  
C:\Program Files\Microsoft Visual Studio\2022\Community\VC\Tools\MSVC\14.42.34433\include\xstring(463,9): error C3861: '_Xout_of_range': identifier not found
  (compiling source file 'Main.cpp')
      C:\Program Files\Microsoft Visual Studio\2022\Community\VC\Tools\MSVC\14.42.34433\include\xstring(463,23):
      '_Xout_of_range': function declaration must be available as none of the arguments depend on a template parameter
  
C:\Program Files\Microsoft Visual Studio\2022\Community\VC\Tools\MSVC\14.42.34433\include\xstring(468,22): error C2039: 'min': is not a member of 'std'
  (compiling source file 'Main.cpp')
      C:\Program Files\Microsoft Visual Studio\2022\Community\VC\Tools\MSVC\14.42.34433\include\xstring(26,1):
      see declaration of 'std'
  
C:\Program Files\Microsoft Visual Studio\2022\Community\VC\Tools\MSVC\14.42.34433\include\xstring(482,18): error C2039: '_Destroy_in_place': is not a member of 'std'
  (compiling source file 'Main.cpp')
      C:\Program Files\Microsoft Visual Studio\2022\Community\VC\Tools\MSVC\14.42.34433\include\xstring(26,1):
      see declaration of 'std'
  
C:\Program Files\Microsoft Visual Studio\2022\Community\VC\Tools\MSVC\14.42.34433\include\xstring(517,5): error C3861: '_Xlength_error': identifier not found
  (compiling source file 'Main.cpp')
  
C:\Program Files\Microsoft Visual Studio\2022\Community\VC\Tools\MSVC\14.42.34433\include\xstring(529,34): error C2143: syntax error: missing ';' before '<'
  (compiling source file 'Main.cpp')
      C:\Program Files\Microsoft Visual Studio\2022\Community\VC\Tools\MSVC\14.42.34433\include\xstring(529,34):
      the template instantiation context (the oldest one first) is
          C:\Program Files\Microsoft Visual Studio\2022\Community\VC\Tools\MSVC\14.42.34433\include\xstring(527,7):
          while compiling class template 'std::basic_string'
  
C:\Program Files\Microsoft Visual Studio\2022\Community\VC\Tools\MSVC\14.42.34433\include\xstring(529,12): error C2433: 'std::_Tidy_deallocate_guard': 'friend' not permitted on data declarations
  (compiling source file 'Main.cpp')
  
C:\Program Files\Microsoft Visual Studio\2022\Community\VC\Tools\MSVC\14.42.34433\include\xstring(529,12): error C4430: missing type specifier - int assumed. Note: C++ does not support default-int
  (compiling source file 'Main.cpp')
  
C:\Program Files\Microsoft Visual Studio\2022\Community\VC\Tools\MSVC\14.42.34433\include\xstring(529,48): error C2238: unexpected token(s) preceding ';'
  (compiling source file 'Main.cpp')
  
C:\Program Files\Microsoft Visual Studio\2022\Community\VC\Tools\MSVC\14.42.34433\include\xstring(532,26): error C2061: syntax error: identifier '_Rebind_alloc_t'
  (compiling source file 'Main.cpp')
  
C:\Program Files\Microsoft Visual Studio\2022\Community\VC\Tools\MSVC\14.42.34433\include\xstring(533,26): error C2061: syntax error: identifier 'allocator_traits'
  (compiling source file 'Main.cpp')
  
C:\Program Files\Microsoft Visual Studio\2022\Community\VC\Tools\MSVC\14.42.34433\include\xstring(535,50): error C2065: '_Is_simple_alloc_v': undeclared identifier
  (compiling source file 'Main.cpp')
  
C:\Program Files\Microsoft Visual Studio\2022\Community\VC\Tools\MSVC\14.42.34433\include\xstring(535,69): error C2065: '_Alty': undeclared identifier
  (compiling source file 'Main.cpp')
  
C:\Program Files\Microsoft Visual Studio\2022\Community\VC\Tools\MSVC\14.42.34433\include\xstring(535,36): error C2976: 'std::conditional_t': too few template arguments
  (compiling source file 'Main.cpp')
      C:\Program Files\Microsoft Visual Studio\2022\Community\VC\Tools\MSVC\14.42.34433\include\xtr1common(69,1):
      see declaration of 'std::conditional_t'
  
C:\Program Files\Microsoft Visual Studio\2022\Community\VC\Tools\MSVC\14.42.34433\include\xstring(535,77): error C2065: '_Simple_types': undeclared identifier
  (compiling source file 'Main.cpp')
  
C:\Program Files\Microsoft Visual Studio\2022\Community\VC\Tools\MSVC\14.42.34433\include\xstring(535,24): error C2977: 'std::_String_val': too many template arguments
  (compiling source file 'Main.cpp')
      C:\Program Files\Microsoft Visual Studio\2022\Community\VC\Tools\MSVC\14.42.34433\include\xstring(392,7):
      see declaration of 'std::_String_val'
  
C:\Program Files\Microsoft Visual Studio\2022\Community\VC\Tools\MSVC\14.42.34433\include\xstring(535,97): error C2143: syntax error: missing ';' before ','
  (compiling source file 'Main.cpp')
  
C:\Program Files\Microsoft Visual Studio\2022\Community\VC\Tools\MSVC\14.42.34433\include\xstring(535,97): error C2059: syntax error: ','
  (compiling source file 'Main.cpp')
  
C:\Program Files\Microsoft Visual Studio\2022\Community\VC\Tools\MSVC\14.42.34433\include\xstring(536,44): error C2065: '_Alty_traits': undeclared identifier
  (compiling source file 'Main.cpp')
  
C:\Program Files\Microsoft Visual Studio\2022\Community\VC\Tools\MSVC\14.42.34433\include\xstring(536,78): error C2065: '_Alty_traits': undeclared identifier
  (compiling source file 'Main.cpp')
  
C:\Program Files\Microsoft Visual Studio\2022\Community\VC\Tools\MSVC\14.42.34433\include\xstring(537,22): error C2065: '_Alty_traits': undeclared identifier
  (compiling source file 'Main.cpp')
  
C:\Program Files\Microsoft Visual Studio\2022\Community\VC\Tools\MSVC\14.42.34433\include\xstring(537,54): error C2065: '_Alty_traits': undeclared identifier
  (compiling source file 'Main.cpp')
  
C:\Program Files\Microsoft Visual Studio\2022\Community\VC\Tools\MSVC\14.42.34433\include\xstring(536,44): error C2653: '_Alty_traits': is not a class or namespace name
  (compiling source file 'Main.cpp')
  
C:\Program Files\Microsoft Visual Studio\2022\Community\VC\Tools\MSVC\14.42.34433\include\xstring(536,58): error C2146: syntax error: missing '>' before identifier 'size_type'
  (compiling source file 'Main.cpp')
  
C:\Program Files\Microsoft Visual Studio\2022\Community\VC\Tools\MSVC\14.42.34433\include\xstring(536,78): error C2653: '_Alty_traits': is not a class or namespace name
  (compiling source file 'Main.cpp')
  
C:\Program Files\Microsoft Visual Studio\2022\Community\VC\Tools\MSVC\14.42.34433\include\xstring(537,22): error C2653: '_Alty_traits': is not a class or namespace name
  (compiling source file 'Main.cpp')
  
C:\Program Files\Microsoft Visual Studio\2022\Community\VC\Tools\MSVC\14.42.34433\include\xstring(537,54): error C2653: '_Alty_traits': is not a class or namespace name
  (compiling source file 'Main.cpp')
  
C:\Program Files\Microsoft Visual Studio\2022\Community\VC\Tools\MSVC\14.42.34433\include\xstring(537,84): error C2238: unexpected token(s) preceding ';'
  (compiling source file 'Main.cpp')
  
C:\Program Files\Microsoft Visual Studio\2022\Community\VC\Tools\MSVC\14.42.34433\include\xstring(555,38): error C2653: '_Alty_traits': is not a class or namespace name
  (compiling source file 'Main.cpp')
  
C:\Program Files\Microsoft Visual Studio\2022\Community\VC\Tools\MSVC\14.42.34433\include\xstring(555,52): error C2146: syntax error: missing ';' before identifier 'size_type'
  (compiling source file 'Main.cpp')
  
C:\Program Files\Microsoft Visual Studio\2022\Community\VC\Tools\MSVC\14.42.34433\include\xstring(555,11): error C4430: missing type specifier - int assumed. Note: C++ does not support default-int
  (compiling source file 'Main.cpp')
  
C:\Program Files\Microsoft Visual Studio\2022\Community\VC\Tools\MSVC\14.42.34433\include\xstring(555,52): error C2868: 'std::basic_string<_Elem,_Traits,_Alloc>::size_type': ill-formed using-declaration; expected a qualified-name
  (compiling source file 'Main.cpp')
  
C:\Program Files\Microsoft Visual Studio\2022\Community\VC\Tools\MSVC\14.42.34433\include\xstring(556,38): error C2653: '_Alty_traits': is not a class or namespace name
  (compiling source file 'Main.cpp')
  
C:\Program Files\Microsoft Visual Studio\2022\Community\VC\Tools\MSVC\14.42.34433\include\xstring(556,52): error C2146: syntax error: missing ';' before identifier 'difference_type'
  (compiling source file 'Main.cpp')
  
C:\Program Files\Microsoft Visual Studio\2022\Community\VC\Tools\MSVC\14.42.34433\include\xstring(556,11): error C4430: missing type specifier - int assumed. Note: C++ does not support default-int
  (compiling source file 'Main.cpp')
  
C:\Program Files\Microsoft Visual Studio\2022\Community\VC\Tools\MSVC\14.42.34433\include\xstring(556,52): error C2868: 'std::basic_string<_Elem,_Traits,_Alloc>::difference_type': ill-formed using-declaration; expected a qualified-name
  (compiling source file 'Main.cpp')
  
C:\Program Files\Microsoft Visual Studio\2022\Community\VC\Tools\MSVC\14.42.34433\include\xstring(557,38): error C2653: '_Alty_traits': is not a class or namespace name
  (compiling source file 'Main.cpp')
  
C:\Program Files\Microsoft Visual Studio\2022\Community\VC\Tools\MSVC\14.42.34433\include\xstring(557,52): error C2146: syntax error: missing ';' before identifier 'pointer'
  (compiling source file 'Main.cpp')
  
C:\Program Files\Microsoft Visual Studio\2022\Community\VC\Tools\MSVC\14.42.34433\include\xstring(557,11): error C4430: missing type specifier - int assumed. Note: C++ does not support default-int
  (compiling source file 'Main.cpp')
  
C:\Program Files\Microsoft Visual Studio\2022\Community\VC\Tools\MSVC\14.42.34433\include\xstring(557,52): error C2868: 'std::basic_string<_Elem,_Traits,_Alloc>::pointer': ill-formed using-declaration; expected a qualified-name
  (compiling source file 'Main.cpp')
  
C:\Program Files\Microsoft Visual Studio\2022\Community\VC\Tools\MSVC\14.42.34433\include\xstring(558,38): error C2653: '_Alty_traits': is not a class or namespace name
  (compiling source file 'Main.cpp')
  
C:\Program Files\Microsoft Visual Studio\2022\Community\VC\Tools\MSVC\14.42.34433\include\xstring(558,52): error C2146: syntax error: missing ';' before identifier 'const_pointer'
  (compiling source file 'Main.cpp')
  
C:\Program Files\Microsoft Visual Studio\2022\Community\VC\Tools\MSVC\14.42.34433\include\xstring(558,11): error C4430: missing type specifier - int assumed. Note: C++ does not support default-int
  (compiling source file 'Main.cpp')
  
C:\Program Files\Microsoft Visual Studio\2022\Community\VC\Tools\MSVC\14.42.34433\include\xstring(558,52): error C2868: 'std::basic_string<_Elem,_Traits,_Alloc>::const_pointer': ill-formed using-declaration; expected a qualified-name
  (compiling source file 'Main.cpp')
  
C:\Program Files\Microsoft Visual Studio\2022\Community\VC\Tools\MSVC\14.42.34433\include\xstring(562,45): error C3203: '_String_val': unspecialized class template can't be used as a template argument for template parameter '_Mystr', expected a real type
  (compiling source file 'Main.cpp')
  
C:\Program Files\Microsoft Visual Studio\2022\Community\VC\Tools\MSVC\14.42.34433\include\xstring(563,51): error C3203: '_String_val': unspecialized class template can't be used as a template argument for template parameter '_Mystr', expected a real type
  (compiling source file 'Main.cpp')
  
C:\Program Files\Microsoft Visual Studio\2022\Community\VC\Tools\MSVC\14.42.34433\include\xstring(565,41): error C2039: 'reverse_iterator': is not a member of 'std'
  (compiling source file 'Main.cpp')
      C:\Program Files\Microsoft Visual Studio\2022\Community\VC\Tools\MSVC\14.42.34433\include\xstring(26,1):
      see declaration of 'std'
  
C:\Program Files\Microsoft Visual Studio\2022\Community\VC\Tools\MSVC\14.42.34433\include\xstring(565,41): error C2061: syntax error: identifier 'reverse_iterator'
  (compiling source file 'Main.cpp')
  
C:\Program Files\Microsoft Visual Studio\2022\Community\VC\Tools\MSVC\14.42.34433\include\xstring(566,41): error C2039: 'reverse_iterator': is not a member of 'std'
  (compiling source file 'Main.cpp')
      C:\Program Files\Microsoft Visual Studio\2022\Community\VC\Tools\MSVC\14.42.34433\include\xstring(26,1):
      see declaration of 'std'
  
C:\Program Files\Microsoft Visual Studio\2022\Community\VC\Tools\MSVC\14.42.34433\include\xstring(566,41): error C2061: syntax error: identifier 'reverse_iterator'
  (compiling source file 'Main.cpp')
  
C:\Program Files\Microsoft Visual Studio\2022\Community\VC\Tools\MSVC\14.42.34433\include\xstring(588,69): error C3861: '_Container_base': identifier not found
  (compiling source file 'Main.cpp')
  
C:\Program Files\Microsoft Visual Studio\2022\Community\VC\Tools\MSVC\14.42.34433\include\xstring(778,40): error C2065: '_Is_iterator_v': undeclared identifier
  (compiling source file 'Main.cpp')
  
C:\Program Files\Microsoft Visual Studio\2022\Community\VC\Tools\MSVC\14.42.34433\include\xstring(778,68): error C2988: unrecognizable template declaration/definition
  (compiling source file 'Main.cpp')
  
C:\Program Files\Microsoft Visual Studio\2022\Community\VC\Tools\MSVC\14.42.34433\include\xstring(778,68): error C2059: syntax error: '='
  (compiling source file 'Main.cpp')
  
C:\Program Files\Microsoft Visual Studio\2022\Community\VC\Tools\MSVC\14.42.34433\include\xstring(780,9): error C2334: unexpected token(s) preceding ':'; skipping apparent function body
  (compiling source file 'Main.cpp')
  
C:\Program Files\Microsoft Visual Studio\2022\Community\VC\Tools\MSVC\14.42.34433\include\xstring(3090,1): error C1903: unable to recover from previous error(s); stopping compilation
  (compiling source file 'Main.cpp')
  
  Generating Code...
